crm_account_id,company_name,billing_address,contact_email,phone_num,account_status
CRM-20000,ABC Solutions,"760 Innovation Dr, Singapore 334053",contact@abcsolutions.com,+65 61678443,Active
CRM-20001,Pinnacle Solutions,"433 Industrial Ave, Singapore 198246",contact@pinnaclesolutions.com,+65 99627281,Active
CRM-20002,Pinnacle Group,"460 Innovation Dr, Singapore 106814",contact@pinnaclegroup.com,+65 74793519,Active
CRM-20003,Innovate Solutions,"390 Industrial Ave, Singapore 988662",contact@innovatesolutions.com,+65 66224068,Prospect
CRM-20004,XYZ Enterprises,"128 Tech Park, Singapore 678856",contact@xyzenterprises.com,+65 95985658,Prospect
CRM-20005,Future Holdings,"197 Industrial Ave, Singapore 793384",contact@futureholdings.com,+65 98745446,Active
CRM-20006,Future Corp,"390 Innovation Dr, Singapore 766563",contact@futurecorp.com,+65 66778091,Prospect
CRM-20007,ABC Solutions,"547 Market St, Singapore 584714",contact@abcsolutions.com,+65 71484920,Prospect
CRM-20008,Global Holdings,"235 Industrial Ave, Singapore 430776",contact@globalholdings.com,+65 63753932,Prospect
CRM-20009,Quantum Holdings,"672 Tech Park, Singapore 774079",contact@quantumholdings.com,+65 74269125,Prospect
CRM-20010,Quantum Group,"409 Innovation Dr, Singapore 245051",contact@quantumgroup.com,+65 99160231,Inactive
CRM-20011,Dynamic Group,"395 Tech Park, Singapore 590785",contact@dynamicgroup.com,+65 64263272,Inactive
CRM-20012,Alpha Solutions,"769 Innovation Dr, Singapore 772097",contact@alphasolutions.com,+65 96035468,Prospect
CRM-20013,XYZ Logistics,"781 Market St, Singapore 211579",contact@xyzlogistics.com,+65 93593765,Inactive
CRM-20014,Global Systems,"781 Market St, Singapore 916449",contact@globalsystems.com,+65 85092933,Inactive
CRM-20015,Summit Components,"952 Innovation Dr, Singapore 945964",contact@summitcomponents.com,+65 67507315,Prospect
CRM-20016,Beta Solutions,"836 Industrial Ave, Singapore 658582",contact@betasolutions.com,+65 92614267,Active
CRM-20017,Gamma Logistics,"894 Tech Park, Singapore 665492",contact@gammalogistics.com,+65 95411588,Inactive
CRM-20018,Apex Holdings,"922 Tech Park, Singapore 359947",contact@apexholdings.com,+65 89400398,Active
CRM-20019,Global Networks,"8 Industrial Ave, Singapore 761759",contact@globalnetworks.com,+65 74778538,Active
CRM-20020,Beta Industries,"286 Tech Park, Singapore 665427",contact@betaindustries.com,+65 75972220,Active
CRM-20021,Quantum Enterprises,"804 Tech Park, Singapore 526833",contact@quantumenterprises.com,+65 76307268,Active
CRM-20022,Apex Group,"885 Industrial Ave, Singapore 785197",contact@apexgroup.com,+65 91341494,Inactive
CRM-20023,Dynamic Solutions,"197 Market St, Singapore 570405",contact@dynamicsolutions.com,+65 76687044,Active
CRM-20024,Future Solutions,"828 Industrial Ave, Singapore 783823",contact@futuresolutions.com,+65 89738000,Inactive
CRM-20025,Dynamic Corp,"417 Tech Park, Singapore 324130",contact@dynamiccorp.com,+65 71160949,Prospect
CRM-20026,Dynamic Enterprises,"434 Tech Park, Singapore 299122",contact@dynamicenterprises.com,+65 79142751,Prospect
CRM-20027,Pinnacle Components,"59 Industrial Ave, Singapore 599948",contact@pinnaclecomponents.com,+65 81045662,Inactive
CRM-20028,Alpha Industries,"872 Market St, Singapore 723939",contact@alphaindustries.com,+65 65376189,Active
CRM-20029,Global Networks,"41 Industrial Ave, Singapore 789305",contact@globalnetworks.com,+65 99897505,Inactive
CRM-20030,Global Holdings,"272 Tech Park, Singapore 804318",contact@globalholdings.com,+65 76017943,Inactive
CRM-20031,Beta Components,"637 Industrial Ave, Singapore 663750",contact@betacomponents.com,+65 90755020,Active
CRM-20032,Beta Corp,"292 Market St, Singapore 974244",contact@betacorp.com,+65 84798543,Inactive
CRM-20033,Dynamic Industries,"684 Innovation Dr, Singapore 208618",contact@dynamicindustries.com,+65 60524999,Active
CRM-20034,Gamma Logistics,"620 Market St, Singapore 459536",contact@gammalogistics.com,+65 78908343,Active
CRM-20035,Pinnacle Enterprises,"928 Industrial Ave, Singapore 765095",contact@pinnacleenterprises.com,+65 76852461,Prospect
CRM-20036,Tech Systems,"565 Tech Park, Singapore 110139",contact@techsystems.com,+65 89651079,Active
CRM-20037,Pinnacle Components,"597 Market St, Singapore 233636",contact@pinnaclecomponents.com,+65 84777665,Active
CRM-20038,Alpha Holdings,"699 Market St, Singapore 207786",contact@alphaholdings.com,+65 74097997,Prospect
CRM-20039,Apex Networks,"948 Market St, Singapore 938742",contact@apexnetworks.com,+65 70371898,Active
CRM-20040,Apex Corp,"164 Industrial Ave, Singapore 140605",contact@apexcorp.com,+65 77905028,Prospect
CRM-20041,Innovate Logistics,"229 Industrial Ave, Singapore 302511",contact@innovatelogistics.com,+65 75273674,Prospect
CRM-20042,Tech Holdings,"410 Innovation Dr, Singapore 220944",contact@techholdings.com,+65 94185636,Prospect
CRM-20043,Dynamic Holdings,"621 Industrial Ave, Singapore 704596",contact@dynamicholdings.com,+65 89285897,Active
CRM-20044,Pinnacle Industries,"373 Tech Park, Singapore 796503",contact@pinnacleindustries.com,+65 73222803,Prospect
CRM-20045,Beta Logistics,"317 Tech Park, Singapore 521947",contact@betalogistics.com,+65 94032415,Inactive
CRM-20046,XYZ Systems,"309 Tech Park, Singapore 974224",contact@xyzsystems.com,+65 98192007,Active
CRM-20047,Quantum Networks,"477 Tech Park, Singapore 808446",contact@quantumnetworks.com,+65 81625779,Active
CRM-20048,Dynamic Systems,"291 Innovation Dr, Singapore 958179",contact@dynamicsystems.com,+65 65690532,Active
CRM-20049,Global Enterprises,"467 Tech Park, Singapore 703634",contact@globalenterprises.com,+65 64887419,Active
CRM-20050,XYZ Components,"798 Tech Park, Singapore 284430",contact@xyzcomponents.com,+65 67152952,Inactive
CRM-20051,Future Solutions,"137 Tech Park, Singapore 656932",contact@futuresolutions.com,+65 90632634,Inactive
CRM-20052,Quantum Industries,"851 Tech Park, Singapore 879779",contact@quantumindustries.com,+65 88638087,Prospect
CRM-20053,Pinnacle Enterprises,"282 Tech Park, Singapore 848206",contact@pinnacleenterprises.com,+65 76055518,Prospect
CRM-20054,Global Group,"724 Market St, Singapore 535020",contact@globalgroup.com,+65 70254587,Prospect
CRM-20055,Global Group,"927 Industrial Ave, Singapore 902784",contact@globalgroup.com,+65 86137346,Inactive
CRM-20056,Tech Group,"552 Market St, Singapore 330080",contact@techgroup.com,+65 88120042,Prospect
CRM-20057,XYZ Systems,"942 Market St, Singapore 660069",contact@xyzsystems.com,+65 91366021,Active
CRM-20058,ABC Components,"659 Tech Park, Singapore 584125",contact@abccomponents.com,+65 65633618,Active
CRM-20059,Apex Logistics,"259 Industrial Ave, Singapore 120324",contact@apexlogistics.com,+65 88290736,Inactive
CRM-20060,Alpha Components,"205 Industrial Ave, Singapore 259784",contact@alphacomponents.com,+65 76594901,Active
CRM-20061,Tech Holdings,"621 Industrial Ave, Singapore 959099",contact@techholdings.com,+65 71260138,Active
CRM-20062,ABC Group,"965 Market St, Singapore 720859",contact@abcgroup.com,+65 86619028,Inactive
CRM-20063,ABC Networks,"816 Industrial Ave, Singapore 658623",contact@abcnetworks.com,+65 68123867,Prospect
CRM-20064,Apex Enterprises,"444 Innovation Dr, Singapore 968962",contact@apexenterprises.com,+65 67082593,Prospect
CRM-20065,XYZ Industries,"631 Tech Park, Singapore 556732",contact@xyzindustries.com,+65 78124922,Inactive
CRM-20066,Future Solutions,"903 Tech Park, Singapore 886931",contact@futuresolutions.com,+65 78718557,Prospect
CRM-20067,Gamma Enterprises,"364 Innovation Dr, Singapore 393243",contact@gammaenterprises.com,+65 74235122,Inactive
CRM-20068,Beta Corp,"501 Market St, Singapore 599219",contact@betacorp.com,+65 87274929,Inactive
CRM-20069,Alpha Solutions,"227 Tech Park, Singapore 355123",contact@alphasolutions.com,+65 79745815,Prospect
CRM-20070,XYZ Industries,"361 Tech Park, Singapore 421517",contact@xyzindustries.com,+65 82199028,Prospect
CRM-20071,Dynamic Systems,"222 Tech Park, Singapore 859782",contact@dynamicsystems.com,+65 72854097,Inactive
CRM-20072,Tech Solutions,"304 Market St, Singapore 288158",contact@techsolutions.com,+65 73027010,Prospect
CRM-20073,Tech Systems,"106 Industrial Ave, Singapore 398151",contact@techsystems.com,+65 92942311,Prospect
CRM-20074,Summit Solutions,"411 Tech Park, Singapore 705050",contact@summitsolutions.com,+65 64385123,Inactive
CRM-20075,Beta Corp,"572 Tech Park, Singapore 725084",contact@betacorp.com,+65 67949149,Inactive
CRM-20076,Quantum Group,"583 Industrial Ave, Singapore 876039",contact@quantumgroup.com,+65 80493721,Active
CRM-20077,Gamma Corp,"566 Industrial Ave, Singapore 102805",contact@gammacorp.com,+65 71664429,Prospect
CRM-20078,Alpha Corp,"724 Innovation Dr, Singapore 576086",contact@alphacorp.com,+65 79334391,Active
CRM-20079,Dynamic Networks,"436 Industrial Ave, Singapore 335729",contact@dynamicnetworks.com,+65 73275422,Inactive
CRM-20080,Beta Components,"812 Innovation Dr, Singapore 885339",contact@betacomponents.com,+65 71134889,Inactive
CRM-20081,Summit Logistics,"966 Innovation Dr, Singapore 666211",contact@summitlogistics.com,+65 87011889,Prospect
CRM-20082,Tech Components,"235 Industrial Ave, Singapore 804938",contact@techcomponents.com,+65 66128843,Prospect
CRM-20083,Summit Industries,"939 Innovation Dr, Singapore 713762",contact@summitindustries.com,+65 89677512,Prospect
CRM-20084,Beta Enterprises,"419 Innovation Dr, Singapore 802685",contact@betaenterprises.com,+65 83351271,Active
CRM-20085,Apex Industries,"466 Industrial Ave, Singapore 364659",contact@apexindustries.com,+65 62462702,Prospect
CRM-20086,Pinnacle Components,"474 Tech Park, Singapore 296694",contact@pinnaclecomponents.com,+65 96412839,Inactive
CRM-20087,Summit Components,"274 Market St, Singapore 559398",contact@summitcomponents.com,+65 73660562,Inactive
CRM-20088,Quantum Corp,"319 Industrial Ave, Singapore 527809",contact@quantumcorp.com,+65 70628578,Active
CRM-20089,Beta Systems,"956 Innovation Dr, Singapore 839677",contact@betasystems.com,+65 93445413,Prospect
CRM-20090,Global Enterprises,"149 Tech Park, Singapore 728492",contact@globalenterprises.com,+65 96994773,Inactive
CRM-20091,Future Group,"957 Innovation Dr, Singapore 102689",contact@futuregroup.com,+65 82808641,Prospect
CRM-20092,Quantum Enterprises,"458 Tech Park, Singapore 448588",contact@quantumenterprises.com,+65 69972069,Inactive
CRM-20093,XYZ Corp,"393 Market St, Singapore 913217",contact@xyzcorp.com,+65 98372690,Prospect
CRM-20094,Dynamic Group,"680 Market St, Singapore 138817",contact@dynamicgroup.com,+65 85909306,Active
CRM-20095,Beta Industries,"16 Market St, Singapore 786587",contact@betaindustries.com,+65 90663924,Active
CRM-20096,Innovate Networks,"666 Industrial Ave, Singapore 444525",contact@innovatenetworks.com,+65 86674654,Inactive
CRM-20097,Dynamic Enterprises,"37 Industrial Ave, Singapore 761820",contact@dynamicenterprises.com,+65 96306970,Inactive
CRM-20098,XYZ Solutions,"101 Industrial Ave, Singapore 274446",contact@xyzsolutions.com,+65 89123332,Inactive
CRM-20099,Innovate Group,"251 Tech Park, Singapore 814919",contact@innovategroup.com,+65 69769023,Active
CRM-20100,Apex Networks,"510 Market St, Singapore 583550",contact@apexnetworks.com,+65 76161813,Inactive
CRM-20101,Dynamic Enterprises,"694 Market St, Singapore 563187",contact@dynamicenterprises.com,+65 79302634,Prospect
CRM-20102,Summit Logistics,"394 Tech Park, Singapore 348728",contact@summitlogistics.com,+65 73369226,Prospect
CRM-20103,Future Group,"9 Industrial Ave, Singapore 881369",contact@futuregroup.com,+65 78420066,Prospect
CRM-20104,Dynamic Corp,"225 Market St, Singapore 362801",contact@dynamiccorp.com,+65 83643859,Inactive
CRM-20105,ABC Systems,"926 Industrial Ave, Singapore 926918",contact@abcsystems.com,+65 66520560,Prospect
CRM-20106,Beta Logistics,"766 Tech Park, Singapore 310548",contact@betalogistics.com,+65 81925749,Active
CRM-20107,Innovate Industries,"936 Innovation Dr, Singapore 272537",contact@innovateindustries.com,+65 93674876,Prospect
CRM-20108,Dynamic Logistics,"824 Industrial Ave, Singapore 178957",contact@dynamiclogistics.com,+65 82730795,Active
CRM-20109,Apex Industries,"93 Tech Park, Singapore 377304",contact@apexindustries.com,+65 84546748,Inactive
CRM-20110,ABC Logistics,"391 Innovation Dr, Singapore 807617",contact@abclogistics.com,+65 99229163,Active
CRM-20111,Pinnacle Holdings,"664 Industrial Ave, Singapore 963874",contact@pinnacleholdings.com,+65 74855701,Prospect
CRM-20112,Alpha Logistics,"119 Industrial Ave, Singapore 663658",contact@alphalogistics.com,+65 93059478,Active
CRM-20113,XYZ Industries,"602 Market St, Singapore 786735",contact@xyzindustries.com,+65 88127120,Active
CRM-20114,Tech Components,"223 Tech Park, Singapore 347582",contact@techcomponents.com,+65 84865844,Prospect
CRM-20115,Alpha Group,"195 Industrial Ave, Singapore 964226",contact@alphagroup.com,+65 78514090,Prospect
CRM-20116,Quantum Components,"806 Innovation Dr, Singapore 232040",contact@quantumcomponents.com,+65 63394266,Inactive
CRM-20117,Global Networks,"833 Market St, Singapore 911984",contact@globalnetworks.com,+65 74492249,Active
CRM-20118,Tech Systems,"554 Innovation Dr, Singapore 282973",contact@techsystems.com,+65 68723624,Active
CRM-20119,Global Networks,"17 Market St, Singapore 154944",contact@globalnetworks.com,+65 81727935,Active
CRM-20120,XYZ Solutions,"460 Innovation Dr, Singapore 722503",contact@xyzsolutions.com,+65 91960325,Active
CRM-20121,Alpha Industries,"470 Industrial Ave, Singapore 602248",contact@alphaindustries.com,+65 80242068,Prospect
CRM-20122,Summit Solutions,"330 Market St, Singapore 232321",contact@summitsolutions.com,+65 65421757,Prospect
CRM-20123,XYZ Holdings,"612 Innovation Dr, Singapore 630108",contact@xyzholdings.com,+65 85562061,Inactive
CRM-20124,Future Industries,"441 Tech Park, Singapore 533914",contact@futureindustries.com,+65 74429953,Prospect
CRM-20125,Innovate Logistics,"977 Market St, Singapore 597305",contact@innovatelogistics.com,+65 85118916,Active
CRM-20126,Dynamic Systems,"62 Innovation Dr, Singapore 228168",contact@dynamicsystems.com,+65 97337408,Prospect
CRM-20127,Apex Components,"615 Innovation Dr, Singapore 208633",contact@apexcomponents.com,+65 79302482,Inactive
CRM-20128,Global Solutions,"866 Innovation Dr, Singapore 899649",contact@globalsolutions.com,+65 83495752,Prospect
CRM-20129,Pinnacle Networks,"27 Innovation Dr, Singapore 289179",contact@pinnaclenetworks.com,+65 97362172,Prospect
CRM-20130,Future Systems,"674 Tech Park, Singapore 248766",contact@futuresystems.com,+65 98005165,Inactive
CRM-20131,Apex Enterprises,"162 Innovation Dr, Singapore 856648",contact@apexenterprises.com,+65 82877142,Prospect
CRM-20132,Beta Components,"162 Industrial Ave, Singapore 185544",contact@betacomponents.com,+65 70440790,Prospect
CRM-20133,Summit Group,"221 Industrial Ave, Singapore 550797",contact@summitgroup.com,+65 78331916,Active
CRM-20134,Pinnacle Logistics,"226 Tech Park, Singapore 157443",contact@pinnaclelogistics.com,+65 63047907,Active
CRM-20135,Dynamic Logistics,"336 Industrial Ave, Singapore 621546",contact@dynamiclogistics.com,+65 79424468,Inactive
CRM-20136,Future Holdings,"407 Industrial Ave, Singapore 119651",contact@futureholdings.com,+65 64836904,Prospect
CRM-20137,Quantum Group,"415 Tech Park, Singapore 220768",contact@quantumgroup.com,+65 98480201,Prospect
CRM-20138,XYZ Holdings,"448 Industrial Ave, Singapore 556839",contact@xyzholdings.com,+65 65914296,Inactive
CRM-20139,Innovate Systems,"523 Industrial Ave, Singapore 634723",contact@innovatesystems.com,+65 65125733,Active
CRM-20140,Future Systems,"106 Market St, Singapore 306854",contact@futuresystems.com,+65 75855734,Active
CRM-20141,ABC Solutions,"975 Tech Park, Singapore 891093",contact@abcsolutions.com,+65 71888075,Inactive
CRM-20142,Quantum Networks,"885 Innovation Dr, Singapore 561124",contact@quantumnetworks.com,+65 81690137,Active
CRM-20143,Pinnacle Solutions,"473 Tech Park, Singapore 159653",contact@pinnaclesolutions.com,+65 80831118,Prospect
CRM-20144,Quantum Networks,"394 Tech Park, Singapore 681242",contact@quantumnetworks.com,+65 94028745,Inactive
CRM-20145,Dynamic Networks,"330 Tech Park, Singapore 258189",contact@dynamicnetworks.com,+65 72632536,Active
CRM-20146,Innovate Solutions,"662 Market St, Singapore 359778",contact@innovatesolutions.com,+65 93859710,Inactive
CRM-20147,Quantum Systems,"382 Innovation Dr, Singapore 528625",contact@quantumsystems.com,+65 84420778,Prospect
CRM-20148,Innovate Solutions,"695 Tech Park, Singapore 364236",contact@innovatesolutions.com,+65 97444277,Inactive
CRM-20149,Quantum Systems,"84 Market St, Singapore 425301",contact@quantumsystems.com,+65 82371547,Inactive
CRM-20150,Tech Industries,"659 Innovation Dr, Singapore 234001",contact@techindustries.com,+65 85278520,Inactive
CRM-20151,ABC Industries,"662 Tech Park, Singapore 479404",contact@abcindustries.com,+65 66271522,Active
CRM-20152,Innovate Enterprises,"232 Market St, Singapore 180913",contact@innovateenterprises.com,+65 72885253,Prospect
CRM-20153,Pinnacle Components,"898 Market St, Singapore 495019",contact@pinnaclecomponents.com,+65 82599874,Active
CRM-20154,Quantum Systems,"45 Tech Park, Singapore 809217",contact@quantumsystems.com,+65 89371765,Inactive
CRM-20155,Dynamic Enterprises,"547 Market St, Singapore 947903",contact@dynamicenterprises.com,+65 75703671,Prospect
CRM-20156,Summit Enterprises,"797 Tech Park, Singapore 653081",contact@summitenterprises.com,+65 78909380,Prospect
CRM-20157,Dynamic Networks,"894 Innovation Dr, Singapore 772324",contact@dynamicnetworks.com,+65 69287768,Prospect
CRM-20158,Beta Industries,"292 Industrial Ave, Singapore 268099",contact@betaindustries.com,+65 68366983,Prospect
CRM-20159,Global Enterprises,"953 Industrial Ave, Singapore 155843",contact@globalenterprises.com,+65 83460257,Prospect
CRM-20160,Innovate Solutions,"811 Market St, Singapore 140163",contact@innovatesolutions.com,+65 82500954,Prospect
CRM-20161,Future Systems,"460 Industrial Ave, Singapore 119927",contact@futuresystems.com,+65 91481447,Prospect
CRM-20162,XYZ Networks,"434 Industrial Ave, Singapore 402096",contact@xyznetworks.com,+65 95418146,Active
CRM-20163,Beta Solutions,"612 Industrial Ave, Singapore 640410",contact@betasolutions.com,+65 93542971,Inactive
CRM-20164,Quantum Group,"681 Industrial Ave, Singapore 478120",contact@quantumgroup.com,+65 72570423,Active
CRM-20165,Dynamic Industries,"21 Tech Park, Singapore 145649",contact@dynamicindustries.com,+65 97188508,Inactive
CRM-20166,Innovate Corp,"791 Innovation Dr, Singapore 146489",contact@innovatecorp.com,+65 66956764,Prospect
CRM-20167,Future Enterprises,"647 Market St, Singapore 241403",contact@futureenterprises.com,+65 92113683,Active
CRM-20168,Alpha Logistics,"45 Market St, Singapore 430926",contact@alphalogistics.com,+65 73528542,Prospect
CRM-20169,Tech Components,"293 Innovation Dr, Singapore 150126",contact@techcomponents.com,+65 72824734,Inactive
CRM-20170,Apex Group,"917 Tech Park, Singapore 295892",contact@apexgroup.com,+65 89510225,Prospect
CRM-20171,Beta Group,"441 Market St, Singapore 408036",contact@betagroup.com,+65 65296701,Prospect
CRM-20172,Tech Enterprises,"171 Tech Park, Singapore 568849",contact@techenterprises.com,+65 88596165,Active
CRM-20173,Quantum Group,"655 Industrial Ave, Singapore 803787",contact@quantumgroup.com,+65 78425098,Inactive
CRM-20174,ABC Systems,"147 Tech Park, Singapore 232361",contact@abcsystems.com,+65 62089811,Active
CRM-20175,Quantum Systems,"972 Innovation Dr, Singapore 565504",contact@quantumsystems.com,+65 90193792,Active
CRM-20176,Beta Components,"512 Tech Park, Singapore 223481",contact@betacomponents.com,+65 72485473,Prospect
CRM-20177,Global Networks,"711 Tech Park, Singapore 228594",contact@globalnetworks.com,+65 79164739,Active
CRM-20178,XYZ Enterprises,"830 Innovation Dr, Singapore 464301",contact@xyzenterprises.com,+65 65891536,Inactive
CRM-20179,XYZ Systems,"521 Market St, Singapore 310743",contact@xyzsystems.com,+65 84259329,Active
CRM-20180,Dynamic Industries,"627 Industrial Ave, Singapore 424314",contact@dynamicindustries.com,+65 68708799,Prospect
CRM-20181,Pinnacle Group,"844 Industrial Ave, Singapore 432427",contact@pinnaclegroup.com,+65 87476618,Inactive
CRM-20182,Innovate Systems,"656 Market St, Singapore 235300",contact@innovatesystems.com,+65 96997347,Prospect
CRM-20183,Pinnacle Systems,"169 Market St, Singapore 843788",contact@pinnaclesystems.com,+65 80409452,Active
CRM-20184,Future Solutions,"202 Innovation Dr, Singapore 755383",contact@futuresolutions.com,+65 76817837,Prospect
CRM-20185,Quantum Systems,"675 Innovation Dr, Singapore 690996",contact@quantumsystems.com,+65 71489079,Active
CRM-20186,Quantum Logistics,"786 Tech Park, Singapore 770030",contact@quantumlogistics.com,+65 74147110,Active
CRM-20187,ABC Logistics,"251 Tech Park, Singapore 575575",contact@abclogistics.com,+65 92409878,Active
CRM-20188,Innovate Networks,"321 Innovation Dr, Singapore 462147",contact@innovatenetworks.com,+65 69641442,Prospect
CRM-20189,Beta Holdings,"478 Industrial Ave, Singapore 571435",contact@betaholdings.com,+65 76222753,Active
CRM-20190,Global Systems,"957 Innovation Dr, Singapore 900190",contact@globalsystems.com,+65 81973845,Active
CRM-20191,Tech Enterprises,"93 Tech Park, Singapore 579441",contact@techenterprises.com,+65 61555335,Active
CRM-20192,Future Enterprises,"550 Industrial Ave, Singapore 212718",contact@futureenterprises.com,+65 79176249,Prospect
CRM-20193,Dynamic Group,"47 Tech Park, Singapore 697983",contact@dynamicgroup.com,+65 84557640,Inactive
CRM-20194,Pinnacle Logistics,"132 Industrial Ave, Singapore 491326",contact@pinnaclelogistics.com,+65 67973272,Prospect
CRM-20195,Global Networks,"412 Industrial Ave, Singapore 140804",contact@globalnetworks.com,+65 94166633,Active
CRM-20196,Pinnacle Enterprises,"621 Market St, Singapore 742848",contact@pinnacleenterprises.com,+65 69995238,Prospect
CRM-20197,Tech Networks,"520 Tech Park, Singapore 690268",contact@technetworks.com,+65 82573640,Prospect
CRM-20198,Quantum Logistics,"612 Tech Park, Singapore 787436",contact@quantumlogistics.com,+65 61788260,Inactive
CRM-20199,XYZ Networks,"152 Market St, Singapore 700383",contact@xyznetworks.com,+65 85514141,Inactive
CRM-20200,Apex Systems,"708 Market St, Singapore 626195",contact@apexsystems.com,+65 87713283,Inactive
CRM-20201,XYZ Components,"532 Market St, Singapore 440839",contact@xyzcomponents.com,+65 69266558,Inactive
CRM-20202,Innovate Industries,"693 Innovation Dr, Singapore 607699",contact@innovateindustries.com,+65 83775797,Active
CRM-20203,Tech Logistics,"707 Tech Park, Singapore 603110",contact@techlogistics.com,+65 73910177,Prospect
CRM-20204,Tech Solutions,"693 Tech Park, Singapore 958130",contact@techsolutions.com,+65 98485376,Prospect
CRM-20205,Tech Components,"979 Industrial Ave, Singapore 563864",contact@techcomponents.com,+65 79302545,Inactive
CRM-20206,Pinnacle Logistics,"112 Market St, Singapore 153231",contact@pinnaclelogistics.com,+65 69212232,Inactive
CRM-20207,Innovate Enterprises,"698 Market St, Singapore 677086",contact@innovateenterprises.com,+65 66747454,Active
CRM-20208,Global Logistics,"293 Industrial Ave, Singapore 193806",contact@globallogistics.com,+65 81553199,Inactive
CRM-20209,Future Components,"428 Market St, Singapore 976822",contact@futurecomponents.com,+65 71748398,Prospect
CRM-20210,Tech Components,"306 Industrial Ave, Singapore 398384",contact@techcomponents.com,+65 60621909,Prospect
CRM-20211,Summit Systems,"480 Innovation Dr, Singapore 948102",contact@summitsystems.com,+65 93837139,Active
CRM-20212,Tech Systems,"755 Innovation Dr, Singapore 409355",contact@techsystems.com,+65 60945174,Inactive
CRM-20213,Apex Group,"336 Industrial Ave, Singapore 801765",contact@apexgroup.com,+65 94579899,Active
CRM-20214,Global Components,"393 Market St, Singapore 890371",contact@globalcomponents.com,+65 77501003,Prospect
CRM-20215,ABC Holdings,"64 Industrial Ave, Singapore 421709",contact@abcholdings.com,+65 75857997,Active
CRM-20216,XYZ Logistics,"655 Innovation Dr, Singapore 744481",contact@xyzlogistics.com,+65 67879637,Active
CRM-20217,Summit Networks,"426 Tech Park, Singapore 663628",contact@summitnetworks.com,+65 85073538,Inactive
CRM-20218,ABC Networks,"539 Tech Park, Singapore 837952",contact@abcnetworks.com,+65 65494223,Prospect
CRM-20219,Global Networks,"154 Market St, Singapore 995993",contact@globalnetworks.com,+65 96014653,Inactive
CRM-20220,Pinnacle Enterprises,"465 Market St, Singapore 535604",contact@pinnacleenterprises.com,+65 63733655,Prospect
CRM-20221,Dynamic Logistics,"406 Innovation Dr, Singapore 103161",contact@dynamiclogistics.com,+65 61460990,Inactive
CRM-20222,Alpha Solutions,"33 Innovation Dr, Singapore 288724",contact@alphasolutions.com,+65 91680162,Active
CRM-20223,ABC Group,"913 Tech Park, Singapore 495833",contact@abcgroup.com,+65 85129646,Prospect
CRM-20224,Gamma Holdings,"183 Tech Park, Singapore 233533",contact@gammaholdings.com,+65 67961337,Inactive
CRM-20225,Dynamic Components,"475 Tech Park, Singapore 497700",contact@dynamiccomponents.com,+65 80022801,Active
CRM-20226,Dynamic Solutions,"829 Tech Park, Singapore 903265",contact@dynamicsolutions.com,+65 62162067,Active
CRM-20227,XYZ Components,"759 Industrial Ave, Singapore 560285",contact@xyzcomponents.com,+65 76423830,Active
CRM-20228,Alpha Systems,"297 Market St, Singapore 867051",contact@alphasystems.com,+65 93815877,Inactive
CRM-20229,Future Holdings,"310 Market St, Singapore 646571",contact@futureholdings.com,+65 75898360,Active
CRM-20230,Gamma Group,"508 Industrial Ave, Singapore 774565",contact@gammagroup.com,+65 97302506,Inactive
CRM-20231,Apex Systems,"485 Market St, Singapore 336290",contact@apexsystems.com,+65 96099754,Prospect
CRM-20232,Apex Group,"543 Market St, Singapore 354655",contact@apexgroup.com,+65 97398881,Prospect
CRM-20233,Pinnacle Corp,"275 Tech Park, Singapore 734356",contact@pinnaclecorp.com,+65 63458564,Inactive
CRM-20234,Pinnacle Corp,"214 Innovation Dr, Singapore 116078",contact@pinnaclecorp.com,+65 92171600,Active
CRM-20235,Beta Enterprises,"713 Market St, Singapore 350956",contact@betaenterprises.com,+65 76280152,Inactive
CRM-20236,Tech Holdings,"904 Tech Park, Singapore 203398",contact@techholdings.com,+65 94414535,Inactive
CRM-20237,Innovate Holdings,"47 Market St, Singapore 253011",contact@innovateholdings.com,+65 87778383,Active
CRM-20238,Apex Logistics,"201 Innovation Dr, Singapore 498290",contact@apexlogistics.com,+65 70228156,Inactive
CRM-20239,ABC Holdings,"782 Tech Park, Singapore 772865",contact@abcholdings.com,+65 77268906,Inactive
CRM-20240,Innovate Systems,"738 Tech Park, Singapore 668471",contact@innovatesystems.com,+65 69392457,Inactive
CRM-20241,Future Solutions,"783 Industrial Ave, Singapore 244170",contact@futuresolutions.com,+65 63255745,Inactive
CRM-20242,Alpha Networks,"676 Tech Park, Singapore 106933",contact@alphanetworks.com,+65 92427281,Inactive
CRM-20243,Tech Components,"833 Tech Park, Singapore 287974",contact@techcomponents.com,+65 93703147,Active
CRM-20244,Global Corp,"259 Innovation Dr, Singapore 933551",contact@globalcorp.com,+65 95329863,Prospect
CRM-20245,Global Corp,"701 Industrial Ave, Singapore 999908",contact@globalcorp.com,+65 80130957,Inactive
CRM-20246,Alpha Components,"85 Tech Park, Singapore 554987",contact@alphacomponents.com,+65 71501357,Inactive
CRM-20247,Future Solutions,"942 Industrial Ave, Singapore 321686",contact@futuresolutions.com,+65 95444162,Inactive
CRM-20248,Alpha Solutions,"921 Industrial Ave, Singapore 991737",contact@alphasolutions.com,+65 78815514,Prospect
CRM-20249,Dynamic Group,"307 Market St, Singapore 352153",contact@dynamicgroup.com,+65 65163187,Inactive
CRM-20250,Dynamic Systems,"513 Innovation Dr, Singapore 202430",contact@dynamicsystems.com,+65 65263193,Prospect
CRM-20251,Apex Holdings,"650 Innovation Dr, Singapore 572436",contact@apexholdings.com,+65 61988144,Prospect
CRM-20252,Apex Systems,"677 Tech Park, Singapore 909676",contact@apexsystems.com,+65 99317413,Inactive
CRM-20253,Beta Logistics,"390 Market St, Singapore 508548",contact@betalogistics.com,+65 70349593,Prospect
CRM-20254,Tech Solutions,"90 Market St, Singapore 570646",contact@techsolutions.com,+65 68892394,Inactive
CRM-20255,Quantum Networks,"885 Tech Park, Singapore 406024",contact@quantumnetworks.com,+65 81772150,Prospect
CRM-20256,Pinnacle Corp,"534 Market St, Singapore 499226",contact@pinnaclecorp.com,+65 98383614,Active
CRM-20257,Tech Group,"496 Industrial Ave, Singapore 363926",contact@techgroup.com,+65 80116033,Active
CRM-20258,Quantum Corp,"110 Market St, Singapore 107096",contact@quantumcorp.com,+65 90726574,Prospect
CRM-20259,Apex Networks,"308 Innovation Dr, Singapore 829066",contact@apexnetworks.com,+65 69135158,Active
CRM-20260,Innovate Logistics,"991 Market St, Singapore 494322",contact@innovatelogistics.com,+65 92950942,Prospect
CRM-20261,Quantum Industries,"699 Industrial Ave, Singapore 584045",contact@quantumindustries.com,+65 72074710,Inactive
CRM-20262,Dynamic Group,"143 Innovation Dr, Singapore 364955",contact@dynamicgroup.com,+65 93507671,Inactive
CRM-20263,Beta Enterprises,"597 Tech Park, Singapore 631221",contact@betaenterprises.com,+65 92160896,Inactive
CRM-20264,Innovate Industries,"654 Industrial Ave, Singapore 906306",contact@innovateindustries.com,+65 99850581,Active
CRM-20265,ABC Group,"989 Tech Park, Singapore 111060",contact@abcgroup.com,+65 82253077,Active
CRM-20266,Pinnacle Networks,"227 Tech Park, Singapore 510133",contact@pinnaclenetworks.com,+65 98603394,Prospect
CRM-20267,Pinnacle Systems,"26 Tech Park, Singapore 409783",contact@pinnaclesystems.com,+65 83150369,Prospect
CRM-20268,Innovate Logistics,"467 Market St, Singapore 606384",contact@innovatelogistics.com,+65 83022815,Prospect
CRM-20269,Summit Holdings,"308 Industrial Ave, Singapore 845305",contact@summitholdings.com,+65 64507993,Active
CRM-20270,ABC Systems,"529 Market St, Singapore 267914",contact@abcsystems.com,+65 76368720,Prospect
CRM-20271,ABC Group,"30 Market St, Singapore 720970",contact@abcgroup.com,+65 86547084,Prospect
CRM-20272,Dynamic Solutions,"105 Market St, Singapore 441819",contact@dynamicsolutions.com,+65 98745162,Active
CRM-20273,Summit Industries,"612 Tech Park, Singapore 511612",contact@summitindustries.com,+65 81032193,Inactive
CRM-20274,Quantum Systems,"941 Industrial Ave, Singapore 240454",contact@quantumsystems.com,+65 79961184,Prospect
CRM-20275,Apex Group,"589 Tech Park, Singapore 294776",contact@apexgroup.com,+65 69252117,Prospect
CRM-20276,ABC Systems,"171 Tech Park, Singapore 247111",contact@abcsystems.com,+65 97239552,Active
CRM-20277,Future Holdings,"497 Market St, Singapore 954815",contact@futureholdings.com,+65 60643133,Prospect
CRM-20278,Summit Group,"426 Tech Park, Singapore 275377",contact@summitgroup.com,+65 92999165,Active
CRM-20279,Tech Components,"231 Innovation Dr, Singapore 918665",contact@techcomponents.com,+65 78445067,Prospect
CRM-20280,Pinnacle Industries,"587 Industrial Ave, Singapore 912764",contact@pinnacleindustries.com,+65 67597461,Inactive
CRM-20281,XYZ Enterprises,"224 Tech Park, Singapore 871740",contact@xyzenterprises.com,+65 96665147,Inactive
CRM-20282,Innovate Solutions,"887 Industrial Ave, Singapore 951327",contact@innovatesolutions.com,+65 89465482,Active
CRM-20283,Innovate Networks,"170 Market St, Singapore 316656",contact@innovatenetworks.com,+65 88733805,Active
CRM-20284,Pinnacle Logistics,"173 Innovation Dr, Singapore 406849",contact@pinnaclelogistics.com,+65 96156145,Prospect
CRM-20285,ABC Solutions,"986 Tech Park, Singapore 390794",contact@abcsolutions.com,+65 69099217,Inactive
CRM-20286,Dynamic Group,"146 Innovation Dr, Singapore 534346",contact@dynamicgroup.com,+65 92847019,Prospect
CRM-20287,Dynamic Solutions,"528 Innovation Dr, Singapore 486999",contact@dynamicsolutions.com,+65 87034857,Prospect
CRM-20288,XYZ Solutions,"651 Innovation Dr, Singapore 166407",contact@xyzsolutions.com,+65 90766008,Inactive
CRM-20289,Summit Logistics,"849 Innovation Dr, Singapore 673896",contact@summitlogistics.com,+65 81667113,Inactive
CRM-20290,ABC Components,"102 Tech Park, Singapore 230272",contact@abccomponents.com,+65 63083177,Active
CRM-20291,Apex Corp,"904 Innovation Dr, Singapore 387330",contact@apexcorp.com,+65 68852537,Active
CRM-20292,Gamma Components,"641 Innovation Dr, Singapore 833417",contact@gammacomponents.com,+65 86598032,Active
CRM-20293,Alpha Corp,"80 Market St, Singapore 337178",contact@alphacorp.com,+65 91997956,Inactive
CRM-20294,Future Group,"490 Industrial Ave, Singapore 501677",contact@futuregroup.com,+65 68870124,Active
CRM-20295,Gamma Group,"657 Market St, Singapore 656278",contact@gammagroup.com,+65 68935292,Inactive
CRM-20296,XYZ Systems,"631 Tech Park, Singapore 190898",contact@xyzsystems.com,+65 87629383,Active
CRM-20297,Apex Holdings,"323 Market St, Singapore 390421",contact@apexholdings.com,+65 88815790,Inactive
CRM-20298,XYZ Networks,"798 Industrial Ave, Singapore 988217",contact@xyznetworks.com,+65 79120711,Inactive
CRM-20299,Apex Logistics,"803 Market St, Singapore 504630",contact@apexlogistics.com,+65 63662072,Active
CRM-20300,Pinnacle Components,"957 Innovation Dr, Singapore 505629",contact@pinnaclecomponents.com,+65 84232890,Inactive
CRM-20301,Dynamic Enterprises,"18 Industrial Ave, Singapore 374921",contact@dynamicenterprises.com,+65 64898399,Active
CRM-20302,Apex Industries,"644 Tech Park, Singapore 835901",contact@apexindustries.com,+65 79225870,Prospect
CRM-20303,Gamma Logistics,"318 Industrial Ave, Singapore 313068",contact@gammalogistics.com,+65 65610104,Active
CRM-20304,Dynamic Solutions,"716 Tech Park, Singapore 987586",contact@dynamicsolutions.com,+65 80815122,Active
CRM-20305,Beta Enterprises,"317 Market St, Singapore 113280",contact@betaenterprises.com,+65 63692908,Inactive
CRM-20306,Dynamic Logistics,"381 Market St, Singapore 919067",contact@dynamiclogistics.com,+65 71204694,Prospect
CRM-20307,Apex Logistics,"66 Innovation Dr, Singapore 704663",contact@apexlogistics.com,+65 95155261,Inactive
CRM-20308,Alpha Enterprises,"171 Innovation Dr, Singapore 367508",contact@alphaenterprises.com,+65 98043084,Active
CRM-20309,Beta Corp,"3 Industrial Ave, Singapore 356430",contact@betacorp.com,+65 94146660,Active
CRM-20310,Gamma Components,"823 Tech Park, Singapore 437433",contact@gammacomponents.com,+65 97102127,Active
CRM-20311,Beta Industries,"184 Market St, Singapore 640828",contact@betaindustries.com,+65 63534768,Active
CRM-20312,Future Logistics,"89 Tech Park, Singapore 486839",contact@futurelogistics.com,+65 81964793,Active
CRM-20313,Quantum Enterprises,"751 Market St, Singapore 106687",contact@quantumenterprises.com,+65 73114576,Prospect
CRM-20314,Innovate Components,"870 Innovation Dr, Singapore 315161",contact@innovatecomponents.com,+65 85251376,Inactive
CRM-20315,Alpha Systems,"96 Industrial Ave, Singapore 986575",contact@alphasystems.com,+65 78778756,Inactive
CRM-20316,XYZ Solutions,"98 Market St, Singapore 959793",contact@xyzsolutions.com,+65 98974857,Prospect
CRM-20317,Tech Logistics,"949 Tech Park, Singapore 972310",contact@techlogistics.com,+65 81139890,Inactive
CRM-20318,Dynamic Networks,"160 Industrial Ave, Singapore 571404",contact@dynamicnetworks.com,+65 67313043,Prospect
CRM-20319,Dynamic Corp,"316 Tech Park, Singapore 993892",contact@dynamiccorp.com,+65 90327641,Active
CRM-20320,Future Networks,"221 Innovation Dr, Singapore 195643",contact@futurenetworks.com,+65 62706487,Inactive
CRM-20321,Future Systems,"975 Tech Park, Singapore 574167",contact@futuresystems.com,+65 62085883,Inactive
CRM-20322,Gamma Solutions,"64 Market St, Singapore 307757",contact@gammasolutions.com,+65 60802415,Prospect
CRM-20323,Beta Networks,"266 Industrial Ave, Singapore 167603",contact@betanetworks.com,+65 99333763,Active
CRM-20324,Gamma Solutions,"126 Industrial Ave, Singapore 153097",contact@gammasolutions.com,+65 82249936,Active
CRM-20325,XYZ Group,"31 Tech Park, Singapore 547389",contact@xyzgroup.com,+65 93294478,Active
CRM-20326,Quantum Networks,"663 Innovation Dr, Singapore 532005",contact@quantumnetworks.com,+65 76494337,Inactive
CRM-20327,Dynamic Industries,"646 Industrial Ave, Singapore 919898",contact@dynamicindustries.com,+65 76720022,Inactive
CRM-20328,Innovate Networks,"330 Tech Park, Singapore 288550",contact@innovatenetworks.com,+65 93715040,Active
CRM-20329,Dynamic Enterprises,"367 Market St, Singapore 204998",contact@dynamicenterprises.com,+65 95529599,Active
CRM-20330,Alpha Corp,"867 Tech Park, Singapore 979988",contact@alphacorp.com,+65 98634043,Active
CRM-20331,Quantum Components,"971 Market St, Singapore 297377",contact@quantumcomponents.com,+65 83600989,Prospect
CRM-20332,Beta Components,"617 Market St, Singapore 652021",contact@betacomponents.com,+65 75611089,Prospect
CRM-20333,Dynamic Holdings,"23 Market St, Singapore 838927",contact@dynamicholdings.com,+65 63996733,Active
CRM-20334,Future Holdings,"383 Tech Park, Singapore 205939",contact@futureholdings.com,+65 64867513,Prospect
CRM-20335,XYZ Group,"665 Innovation Dr, Singapore 841535",contact@xyzgroup.com,+65 92695439,Inactive
CRM-20336,Dynamic Holdings,"682 Market St, Singapore 421727",contact@dynamicholdings.com,+65 74981195,Inactive
CRM-20337,Quantum Group,"34 Market St, Singapore 433674",contact@quantumgroup.com,+65 98083123,Inactive
CRM-20338,Beta Corp,"328 Market St, Singapore 193035",contact@betacorp.com,+65 83274033,Inactive
CRM-20339,Innovate Enterprises,"272 Market St, Singapore 826847",contact@innovateenterprises.com,+65 60764747,Active
CRM-20340,XYZ Group,"906 Tech Park, Singapore 497108",contact@xyzgroup.com,+65 71162783,Prospect
CRM-20341,Dynamic Networks,"167 Tech Park, Singapore 938016",contact@dynamicnetworks.com,+65 75138600,Active
CRM-20342,Apex Systems,"561 Industrial Ave, Singapore 722886",contact@apexsystems.com,+65 65033327,Inactive
CRM-20343,Apex Systems,"161 Industrial Ave, Singapore 447177",contact@apexsystems.com,+65 89138694,Active
CRM-20344,Pinnacle Industries,"677 Innovation Dr, Singapore 349087",contact@pinnacleindustries.com,+65 77801617,Active
CRM-20345,Summit Systems,"370 Industrial Ave, Singapore 191884",contact@summitsystems.com,+65 63657758,Prospect
CRM-20346,Summit Corp,"27 Market St, Singapore 769191",contact@summitcorp.com,+65 66508680,Prospect
CRM-20347,Beta Logistics,"483 Tech Park, Singapore 377877",contact@betalogistics.com,+65 86673582,Active
CRM-20348,Gamma Enterprises,"270 Tech Park, Singapore 376195",contact@gammaenterprises.com,+65 62994191,Active
CRM-20349,Gamma Solutions,"685 Innovation Dr, Singapore 667750",contact@gammasolutions.com,+65 65751720,Prospect
CRM-20350,Pinnacle Components,"839 Tech Park, Singapore 820442",contact@pinnaclecomponents.com,+65 85978250,Prospect
CRM-20351,Beta Group,"515 Market St, Singapore 893969",contact@betagroup.com,+65 62330589,Prospect
CRM-20352,Dynamic Corp,"44 Tech Park, Singapore 816308",contact@dynamiccorp.com,+65 68468199,Prospect
CRM-20353,Future Networks,"328 Industrial Ave, Singapore 506951",contact@futurenetworks.com,+65 77306460,Inactive
CRM-20354,Pinnacle Enterprises,"806 Tech Park, Singapore 534574",contact@pinnacleenterprises.com,+65 60829720,Active
CRM-20355,Beta Solutions,"799 Industrial Ave, Singapore 399990",contact@betasolutions.com,+65 97761067,Inactive
CRM-20356,Tech Group,"586 Tech Park, Singapore 280564",contact@techgroup.com,+65 92587043,Prospect
CRM-20357,XYZ Group,"406 Innovation Dr, Singapore 349119",contact@xyzgroup.com,+65 62602651,Active
CRM-20358,Innovate Components,"838 Innovation Dr, Singapore 393964",contact@innovatecomponents.com,+65 82673808,Prospect
CRM-20359,Future Corp,"308 Tech Park, Singapore 965938",contact@futurecorp.com,+65 69018459,Prospect
CRM-20360,Beta Corp,"217 Tech Park, Singapore 607993",contact@betacorp.com,+65 89643099,Inactive
CRM-20361,Pinnacle Systems,"319 Tech Park, Singapore 918430",contact@pinnaclesystems.com,+65 64403480,Inactive
CRM-20362,Future Components,"34 Tech Park, Singapore 477880",contact@futurecomponents.com,+65 76743008,Inactive
CRM-20363,Pinnacle Group,"698 Industrial Ave, Singapore 490559",contact@pinnaclegroup.com,+65 68312966,Prospect
CRM-20364,Summit Networks,"359 Innovation Dr, Singapore 978343",contact@summitnetworks.com,+65 96999379,Prospect
CRM-20365,Tech Components,"51 Market St, Singapore 700056",contact@techcomponents.com,+65 85941983,Active
CRM-20366,ABC Corp,"668 Tech Park, Singapore 121026",contact@abccorp.com,+65 78057893,Inactive
CRM-20367,Quantum Components,"259 Innovation Dr, Singapore 843826",contact@quantumcomponents.com,+65 75016952,Inactive
CRM-20368,Summit Logistics,"478 Innovation Dr, Singapore 645928",contact@summitlogistics.com,+65 74643761,Inactive
CRM-20369,Future Holdings,"663 Innovation Dr, Singapore 817659",contact@futureholdings.com,+65 97678749,Active
CRM-20370,ABC Holdings,"268 Innovation Dr, Singapore 257212",contact@abcholdings.com,+65 78581433,Inactive
CRM-20371,Dynamic Networks,"677 Innovation Dr, Singapore 246726",contact@dynamicnetworks.com,+65 87118586,Inactive
CRM-20372,Tech Group,"398 Industrial Ave, Singapore 842464",contact@techgroup.com,+65 87152172,Inactive
CRM-20373,ABC Enterprises,"520 Innovation Dr, Singapore 278243",contact@abcenterprises.com,+65 84058335,Inactive
CRM-20374,Tech Industries,"970 Innovation Dr, Singapore 193637",contact@techindustries.com,+65 72285509,Active
CRM-20375,Apex Holdings,"267 Innovation Dr, Singapore 992562",contact@apexholdings.com,+65 84943185,Active
CRM-20376,Quantum Solutions,"911 Market St, Singapore 225636",contact@quantumsolutions.com,+65 91690126,Inactive
CRM-20377,Future Systems,"206 Innovation Dr, Singapore 697062",contact@futuresystems.com,+65 69218426,Prospect
CRM-20378,Gamma Holdings,"5 Tech Park, Singapore 319553",contact@gammaholdings.com,+65 63893226,Active
CRM-20379,Dynamic Solutions,"630 Tech Park, Singapore 550268",contact@dynamicsolutions.com,+65 68684286,Prospect
CRM-20380,Innovate Components,"776 Market St, Singapore 809621",contact@innovatecomponents.com,+65 81623357,Active
CRM-20381,Gamma Solutions,"516 Innovation Dr, Singapore 168458",contact@gammasolutions.com,+65 85739636,Active
CRM-20382,Pinnacle Networks,"346 Tech Park, Singapore 240288",contact@pinnaclenetworks.com,+65 95172939,Prospect
CRM-20383,Dynamic Corp,"971 Tech Park, Singapore 339513",contact@dynamiccorp.com,+65 71065144,Active
CRM-20384,Gamma Solutions,"729 Industrial Ave, Singapore 771425",contact@gammasolutions.com,+65 84601535,Prospect
CRM-20385,Quantum Components,"670 Industrial Ave, Singapore 823255",contact@quantumcomponents.com,+65 67255370,Active
CRM-20386,Global Components,"431 Industrial Ave, Singapore 645583",contact@globalcomponents.com,+65 80207583,Prospect
CRM-20387,Apex Solutions,"737 Industrial Ave, Singapore 219550",contact@apexsolutions.com,+65 94331873,Active
CRM-20388,Global Holdings,"303 Market St, Singapore 674765",contact@globalholdings.com,+65 87498275,Prospect
CRM-20389,Summit Holdings,"3 Industrial Ave, Singapore 193326",contact@summitholdings.com,+65 75737382,Active
CRM-20390,Gamma Solutions,"77 Industrial Ave, Singapore 775636",contact@gammasolutions.com,+65 94339964,Active
CRM-20391,Future Components,"369 Innovation Dr, Singapore 874415",contact@futurecomponents.com,+65 79499633,Active
CRM-20392,Alpha Systems,"337 Innovation Dr, Singapore 752011",contact@alphasystems.com,+65 71442885,Prospect
CRM-20393,Apex Group,"279 Tech Park, Singapore 991993",contact@apexgroup.com,+65 90637792,Prospect
CRM-20394,Dynamic Systems,"136 Industrial Ave, Singapore 267138",contact@dynamicsystems.com,+65 67587097,Active
CRM-20395,Quantum Enterprises,"626 Tech Park, Singapore 476018",contact@quantumenterprises.com,+65 72164190,Inactive
CRM-20396,XYZ Systems,"943 Tech Park, Singapore 531262",contact@xyzsystems.com,+65 92418926,Prospect
CRM-20397,Alpha Industries,"742 Market St, Singapore 454733",contact@alphaindustries.com,+65 98698259,Inactive
CRM-20398,Apex Corp,"355 Tech Park, Singapore 979789",contact@apexcorp.com,+65 92341753,Inactive
CRM-20399,Alpha Systems,"870 Tech Park, Singapore 619920",contact@alphasystems.com,+65 93928065,Active
CRM-20400,Pinnacle Corp,"659 Tech Park, Singapore 956794",contact@pinnaclecorp.com,+65 96943132,Active
CRM-20401,Summit Solutions,"458 Innovation Dr, Singapore 621533",contact@summitsolutions.com,+65 93450825,Inactive
CRM-20402,Alpha Solutions,"912 Market St, Singapore 804091",contact@alphasolutions.com,+65 80441222,Prospect
CRM-20403,Summit Holdings,"786 Tech Park, Singapore 789089",contact@summitholdings.com,+65 97591086,Prospect
CRM-20404,Innovate Holdings,"561 Innovation Dr, Singapore 211486",contact@innovateholdings.com,+65 79594685,Active
CRM-20405,Future Group,"261 Market St, Singapore 226611",contact@futuregroup.com,+65 67178065,Prospect
CRM-20406,XYZ Holdings,"776 Tech Park, Singapore 764000",contact@xyzholdings.com,+65 67232036,Inactive
CRM-20407,Summit Networks,"138 Tech Park, Singapore 656127",contact@summitnetworks.com,+65 93836126,Inactive
CRM-20408,Summit Industries,"709 Market St, Singapore 954845",contact@summitindustries.com,+65 71891854,Active
CRM-20409,Innovate Industries,"429 Market St, Singapore 517196",contact@innovateindustries.com,+65 85814272,Prospect
CRM-20410,Gamma Systems,"617 Innovation Dr, Singapore 835570",contact@gammasystems.com,+65 87698879,Inactive
CRM-20411,Pinnacle Corp,"215 Innovation Dr, Singapore 462066",contact@pinnaclecorp.com,+65 73481438,Inactive
CRM-20412,Gamma Industries,"711 Innovation Dr, Singapore 221011",contact@gammaindustries.com,+65 96405986,Prospect
CRM-20413,ABC Group,"293 Tech Park, Singapore 113390",contact@abcgroup.com,+65 95829610,Inactive
CRM-20414,Dynamic Systems,"700 Innovation Dr, Singapore 980155",contact@dynamicsystems.com,+65 79234443,Active
CRM-20415,Future Enterprises,"631 Market St, Singapore 778553",contact@futureenterprises.com,+65 66877316,Inactive
CRM-20416,Dynamic Logistics,"949 Tech Park, Singapore 536801",contact@dynamiclogistics.com,+65 63152766,Inactive
CRM-20417,Future Enterprises,"934 Innovation Dr, Singapore 716966",contact@futureenterprises.com,+65 75136303,Inactive
CRM-20418,Summit Systems,"192 Market St, Singapore 638807",contact@summitsystems.com,+65 64997529,Active
CRM-20419,Future Logistics,"339 Tech Park, Singapore 262325",contact@futurelogistics.com,+65 60378838,Active
CRM-20420,Dynamic Networks,"503 Innovation Dr, Singapore 922116",contact@dynamicnetworks.com,+65 80210157,Inactive
CRM-20421,Pinnacle Solutions,"164 Tech Park, Singapore 663123",contact@pinnaclesolutions.com,+65 93899395,Prospect
CRM-20422,ABC Holdings,"370 Innovation Dr, Singapore 889216",contact@abcholdings.com,+65 82217499,Inactive
CRM-20423,ABC Components,"685 Innovation Dr, Singapore 352023",contact@abccomponents.com,+65 67698859,Inactive
CRM-20424,Alpha Holdings,"938 Industrial Ave, Singapore 369054",contact@alphaholdings.com,+65 85593482,Inactive
CRM-20425,Pinnacle Industries,"499 Industrial Ave, Singapore 783176",contact@pinnacleindustries.com,+65 89900817,Active
CRM-20426,Gamma Industries,"8 Industrial Ave, Singapore 802897",contact@gammaindustries.com,+65 95782837,Inactive
CRM-20427,Apex Solutions,"551 Tech Park, Singapore 956429",contact@apexsolutions.com,+65 73796211,Active
CRM-20428,Beta Solutions,"183 Innovation Dr, Singapore 173863",contact@betasolutions.com,+65 63641868,Inactive
CRM-20429,Apex Group,"646 Tech Park, Singapore 431773",contact@apexgroup.com,+65 90274530,Active
CRM-20430,ABC Networks,"775 Industrial Ave, Singapore 989455",contact@abcnetworks.com,+65 64243802,Active
CRM-20431,Beta Logistics,"391 Tech Park, Singapore 792818",contact@betalogistics.com,+65 89371949,Active
CRM-20432,Future Industries,"984 Market St, Singapore 810189",contact@futureindustries.com,+65 79795669,Inactive
CRM-20433,Alpha Industries,"145 Industrial Ave, Singapore 105274",contact@alphaindustries.com,+65 97250100,Inactive
CRM-20434,Beta Logistics,"767 Innovation Dr, Singapore 532699",contact@betalogistics.com,+65 74096410,Inactive
CRM-20435,Tech Corp,"186 Industrial Ave, Singapore 887524",contact@techcorp.com,+65 67692188,Inactive
CRM-20436,Global Networks,"975 Innovation Dr, Singapore 234443",contact@globalnetworks.com,+65 92694794,Inactive
CRM-20437,Innovate Enterprises,"337 Innovation Dr, Singapore 712546",contact@innovateenterprises.com,+65 90242339,Active
CRM-20438,Apex Systems,"321 Market St, Singapore 332286",contact@apexsystems.com,+65 60324262,Inactive
CRM-20439,Future Holdings,"696 Innovation Dr, Singapore 585331",contact@futureholdings.com,+65 69013111,Prospect
CRM-20440,Beta Systems,"862 Innovation Dr, Singapore 246802",contact@betasystems.com,+65 65501161,Inactive
CRM-20441,Beta Solutions,"870 Industrial Ave, Singapore 710156",contact@betasolutions.com,+65 61250257,Inactive
CRM-20442,Pinnacle Enterprises,"375 Tech Park, Singapore 909652",contact@pinnacleenterprises.com,+65 69974590,Inactive
CRM-20443,Apex Holdings,"11 Market St, Singapore 945718",contact@apexholdings.com,+65 93699875,Inactive
CRM-20444,Gamma Enterprises,"184 Market St, Singapore 867562",contact@gammaenterprises.com,+65 70685235,Prospect
CRM-20445,Tech Holdings,"44 Market St, Singapore 929906",contact@techholdings.com,+65 75704727,Prospect
CRM-20446,Alpha Holdings,"721 Innovation Dr, Singapore 877948",contact@alphaholdings.com,+65 66927313,Prospect
CRM-20447,ABC Solutions,"258 Tech Park, Singapore 641455",contact@abcsolutions.com,+65 94672660,Prospect
CRM-20448,Summit Networks,"514 Market St, Singapore 273650",contact@summitnetworks.com,+65 60442763,Active
CRM-20449,Quantum Solutions,"425 Innovation Dr, Singapore 218844",contact@quantumsolutions.com,+65 75458280,Prospect
CRM-20450,Quantum Systems,"23 Market St, Singapore 234097",contact@quantumsystems.com,+65 87574979,Inactive
CRM-20451,Alpha Networks,"58 Market St, Singapore 288783",contact@alphanetworks.com,+65 69855950,Inactive
CRM-20452,Quantum Components,"970 Industrial Ave, Singapore 571023",contact@quantumcomponents.com,+65 79022317,Inactive
CRM-20453,Gamma Corp,"616 Market St, Singapore 710948",contact@gammacorp.com,+65 87566096,Active
CRM-20454,Gamma Holdings,"611 Industrial Ave, Singapore 496583",contact@gammaholdings.com,+65 90431866,Prospect
CRM-20455,Apex Systems,"182 Tech Park, Singapore 728950",contact@apexsystems.com,+65 66462488,Active
CRM-20456,Dynamic Solutions,"494 Market St, Singapore 665482",contact@dynamicsolutions.com,+65 66253872,Active
CRM-20457,ABC Group,"431 Innovation Dr, Singapore 831531",contact@abcgroup.com,+65 95033795,Inactive
CRM-20458,Dynamic Group,"604 Industrial Ave, Singapore 240386",contact@dynamicgroup.com,+65 83522852,Prospect
CRM-20459,Beta Logistics,"419 Innovation Dr, Singapore 105735",contact@betalogistics.com,+65 96489171,Inactive
CRM-20460,Apex Corp,"419 Innovation Dr, Singapore 262297",contact@apexcorp.com,+65 81199805,Prospect
CRM-20461,Innovate Networks,"697 Tech Park, Singapore 313588",contact@innovatenetworks.com,+65 78492554,Prospect
CRM-20462,Innovate Industries,"496 Innovation Dr, Singapore 705711",contact@innovateindustries.com,+65 97239470,Prospect
CRM-20463,Beta Corp,"802 Market St, Singapore 324875",contact@betacorp.com,+65 89970474,Inactive
CRM-20464,Quantum Components,"399 Industrial Ave, Singapore 195513",contact@quantumcomponents.com,+65 70786945,Active
CRM-20465,Beta Logistics,"380 Industrial Ave, Singapore 139589",contact@betalogistics.com,+65 74882749,Inactive
CRM-20466,Pinnacle Logistics,"969 Market St, Singapore 618382",contact@pinnaclelogistics.com,+65 63856278,Prospect
CRM-20467,Pinnacle Logistics,"35 Market St, Singapore 277715",contact@pinnaclelogistics.com,+65 73069216,Inactive
CRM-20468,Gamma Solutions,"799 Tech Park, Singapore 802191",contact@gammasolutions.com,+65 78517809,Prospect
CRM-20469,XYZ Solutions,"563 Innovation Dr, Singapore 970071",contact@xyzsolutions.com,+65 66050928,Inactive
CRM-20470,Quantum Corp,"953 Tech Park, Singapore 104877",contact@quantumcorp.com,+65 90518360,Prospect
CRM-20471,Beta Industries,"898 Innovation Dr, Singapore 564276",contact@betaindustries.com,+65 77293510,Prospect
CRM-20472,ABC Enterprises,"883 Industrial Ave, Singapore 221916",contact@abcenterprises.com,+65 99381260,Prospect
CRM-20473,Global Corp,"423 Innovation Dr, Singapore 661671",contact@globalcorp.com,+65 81188328,Active
CRM-20474,XYZ Holdings,"568 Market St, Singapore 429119",contact@xyzholdings.com,+65 65102207,Prospect
CRM-20475,Global Enterprises,"241 Market St, Singapore 316823",contact@globalenterprises.com,+65 73399394,Active
CRM-20476,Innovate Systems,"123 Industrial Ave, Singapore 795650",contact@innovatesystems.com,+65 67159797,Prospect
CRM-20477,Pinnacle Components,"381 Innovation Dr, Singapore 702427",contact@pinnaclecomponents.com,+65 92366073,Prospect
CRM-20478,Tech Group,"769 Market St, Singapore 651273",contact@techgroup.com,+65 74904394,Prospect
CRM-20479,Dynamic Systems,"124 Tech Park, Singapore 822689",contact@dynamicsystems.com,+65 90681906,Active
CRM-20480,Future Logistics,"562 Innovation Dr, Singapore 382495",contact@futurelogistics.com,+65 72559587,Prospect
CRM-20481,Apex Holdings,"875 Tech Park, Singapore 572623",contact@apexholdings.com,+65 84499968,Active
CRM-20482,Future Solutions,"824 Market St, Singapore 553214",contact@futuresolutions.com,+65 78115977,Prospect
CRM-20483,Gamma Enterprises,"181 Tech Park, Singapore 241003",contact@gammaenterprises.com,+65 60653794,Inactive
CRM-20484,Future Networks,"408 Industrial Ave, Singapore 271276",contact@futurenetworks.com,+65 63201717,Active
CRM-20485,ABC Solutions,"763 Innovation Dr, Singapore 478496",contact@abcsolutions.com,+65 90189245,Prospect
CRM-20486,Future Networks,"591 Market St, Singapore 398433",contact@futurenetworks.com,+65 73351852,Prospect
CRM-20487,XYZ Enterprises,"391 Innovation Dr, Singapore 762398",contact@xyzenterprises.com,+65 65261839,Active
CRM-20488,Innovate Group,"415 Industrial Ave, Singapore 269868",contact@innovategroup.com,+65 98361948,Prospect
CRM-20489,XYZ Logistics,"278 Tech Park, Singapore 480805",contact@xyzlogistics.com,+65 86538557,Inactive
CRM-20490,Gamma Components,"746 Market St, Singapore 363871",contact@gammacomponents.com,+65 68391286,Inactive
CRM-20491,Beta Enterprises,"56 Industrial Ave, Singapore 516297",contact@betaenterprises.com,+65 96804765,Inactive
CRM-20492,ABC Group,"235 Market St, Singapore 397979",contact@abcgroup.com,+65 80761513,Prospect
CRM-20493,ABC Holdings,"885 Tech Park, Singapore 666843",contact@abcholdings.com,+65 81823890,Prospect
CRM-20494,XYZ Industries,"606 Tech Park, Singapore 885290",contact@xyzindustries.com,+65 71880727,Inactive
CRM-20495,ABC Industries,"931 Innovation Dr, Singapore 665883",contact@abcindustries.com,+65 80781019,Active
CRM-20496,Innovate Group,"160 Innovation Dr, Singapore 100096",contact@innovategroup.com,+65 77435355,Inactive
CRM-20497,Innovate Logistics,"548 Industrial Ave, Singapore 615827",contact@innovatelogistics.com,+65 91487341,Prospect
CRM-20498,Tech Networks,"816 Industrial Ave, Singapore 491794",contact@technetworks.com,+65 75516602,Active
CRM-20499,Global Systems,"849 Tech Park, Singapore 375754",contact@globalsystems.com,+65 86153885,Active
CRM-20500,Dynamic Networks,"292 Innovation Dr, Singapore 297132",contact@dynamicnetworks.com,+65 78244559,Active
CRM-20501,XYZ Networks,"193 Innovation Dr, Singapore 259540",contact@xyznetworks.com,+65 93017293,Active
CRM-20502,Gamma Enterprises,"239 Industrial Ave, Singapore 115440",contact@gammaenterprises.com,+65 60550567,Prospect
CRM-20503,Summit Components,"83 Market St, Singapore 379449",contact@summitcomponents.com,+65 82162611,Prospect
CRM-20504,Apex Components,"998 Market St, Singapore 908688",contact@apexcomponents.com,+65 68184701,Prospect
CRM-20505,ABC Corp,"399 Innovation Dr, Singapore 266316",contact@abccorp.com,+65 91730785,Inactive
CRM-20506,Pinnacle Industries,"260 Tech Park, Singapore 413328",contact@pinnacleindustries.com,+65 68196778,Active
CRM-20507,Global Solutions,"649 Tech Park, Singapore 115799",contact@globalsolutions.com,+65 75835399,Active
CRM-20508,Apex Corp,"993 Industrial Ave, Singapore 921533",contact@apexcorp.com,+65 60599272,Inactive
CRM-20509,Summit Solutions,"954 Industrial Ave, Singapore 472787",contact@summitsolutions.com,+65 82711122,Inactive
CRM-20510,Gamma Enterprises,"325 Innovation Dr, Singapore 560030",contact@gammaenterprises.com,+65 75614530,Inactive
CRM-20511,Alpha Enterprises,"573 Innovation Dr, Singapore 830897",contact@alphaenterprises.com,+65 89360128,Prospect
CRM-20512,Innovate Enterprises,"889 Market St, Singapore 656937",contact@innovateenterprises.com,+65 78476711,Active
CRM-20513,ABC Industries,"752 Market St, Singapore 749838",contact@abcindustries.com,+65 85437183,Prospect
CRM-20514,Pinnacle Group,"537 Tech Park, Singapore 678255",contact@pinnaclegroup.com,+65 72741923,Active
CRM-20515,Pinnacle Solutions,"856 Market St, Singapore 132792",contact@pinnaclesolutions.com,+65 62937842,Active
CRM-20516,ABC Enterprises,"639 Innovation Dr, Singapore 484150",contact@abcenterprises.com,+65 95287274,Active
CRM-20517,Summit Solutions,"821 Industrial Ave, Singapore 685126",contact@summitsolutions.com,+65 91410917,Inactive
CRM-20518,Innovate Components,"542 Industrial Ave, Singapore 173807",contact@innovatecomponents.com,+65 77838585,Prospect
CRM-20519,Beta Solutions,"545 Tech Park, Singapore 302500",contact@betasolutions.com,+65 75503355,Inactive
CRM-20520,Gamma Industries,"426 Industrial Ave, Singapore 769646",contact@gammaindustries.com,+65 97456249,Inactive
CRM-20521,Apex Solutions,"812 Market St, Singapore 521063",contact@apexsolutions.com,+65 71194383,Inactive
CRM-20522,Quantum Enterprises,"925 Innovation Dr, Singapore 440424",contact@quantumenterprises.com,+65 83644068,Prospect
CRM-20523,XYZ Holdings,"577 Market St, Singapore 902903",contact@xyzholdings.com,+65 76154617,Inactive
CRM-20524,Apex Components,"292 Industrial Ave, Singapore 241647",contact@apexcomponents.com,+65 62326187,Prospect
CRM-20525,XYZ Logistics,"524 Market St, Singapore 139569",contact@xyzlogistics.com,+65 97155705,Prospect
CRM-20526,Tech Logistics,"585 Tech Park, Singapore 327999",contact@techlogistics.com,+65 66167648,Inactive
CRM-20527,Gamma Enterprises,"840 Industrial Ave, Singapore 773452",contact@gammaenterprises.com,+65 98670305,Prospect
CRM-20528,Beta Components,"357 Tech Park, Singapore 226395",contact@betacomponents.com,+65 82440509,Active
CRM-20529,Alpha Group,"313 Industrial Ave, Singapore 666157",contact@alphagroup.com,+65 63632465,Inactive
CRM-20530,Gamma Components,"995 Tech Park, Singapore 724041",contact@gammacomponents.com,+65 86365911,Inactive
CRM-20531,Dynamic Group,"136 Innovation Dr, Singapore 598969",contact@dynamicgroup.com,+65 69932944,Inactive
CRM-20532,Tech Solutions,"514 Tech Park, Singapore 831770",contact@techsolutions.com,+65 86744696,Active
CRM-20533,Global Enterprises,"668 Market St, Singapore 745919",contact@globalenterprises.com,+65 86529395,Inactive
CRM-20534,Quantum Solutions,"688 Tech Park, Singapore 483010",contact@quantumsolutions.com,+65 67551751,Prospect
CRM-20535,Alpha Logistics,"359 Tech Park, Singapore 252901",contact@alphalogistics.com,+65 71358528,Prospect
CRM-20536,XYZ Solutions,"758 Industrial Ave, Singapore 751168",contact@xyzsolutions.com,+65 67541139,Active
CRM-20537,Alpha Holdings,"313 Tech Park, Singapore 123853",contact@alphaholdings.com,+65 67467739,Prospect
CRM-20538,Pinnacle Enterprises,"712 Industrial Ave, Singapore 711324",contact@pinnacleenterprises.com,+65 69485664,Inactive
CRM-20539,Quantum Logistics,"477 Industrial Ave, Singapore 507523",contact@quantumlogistics.com,+65 63562490,Inactive
CRM-20540,ABC Group,"390 Industrial Ave, Singapore 608205",contact@abcgroup.com,+65 75513463,Inactive
CRM-20541,XYZ Components,"254 Innovation Dr, Singapore 613731",contact@xyzcomponents.com,+65 62667738,Prospect
CRM-20542,Tech Corp,"283 Industrial Ave, Singapore 370196",contact@techcorp.com,+65 93638416,Prospect
CRM-20543,Alpha Industries,"231 Market St, Singapore 511929",contact@alphaindustries.com,+65 78803490,Inactive
CRM-20544,ABC Corp,"247 Market St, Singapore 427557",contact@abccorp.com,+65 88006766,Inactive
CRM-20545,ABC Corp,"317 Market St, Singapore 907455",contact@abccorp.com,+65 69268381,Active
CRM-20546,Gamma Holdings,"571 Industrial Ave, Singapore 433025",contact@gammaholdings.com,+65 64550923,Active
CRM-20547,Apex Group,"454 Innovation Dr, Singapore 916953",contact@apexgroup.com,+65 80357346,Active
CRM-20548,Quantum Networks,"611 Market St, Singapore 820767",contact@quantumnetworks.com,+65 75496198,Active
CRM-20549,Gamma Industries,"730 Innovation Dr, Singapore 993522",contact@gammaindustries.com,+65 91458185,Prospect
CRM-20550,Alpha Logistics,"228 Market St, Singapore 314498",contact@alphalogistics.com,+65 87718915,Active
CRM-20551,Summit Holdings,"909 Market St, Singapore 524533",contact@summitholdings.com,+65 90705320,Active
CRM-20552,XYZ Holdings,"627 Industrial Ave, Singapore 214626",contact@xyzholdings.com,+65 86451006,Prospect
CRM-20553,Global Industries,"406 Industrial Ave, Singapore 506216",contact@globalindustries.com,+65 96095787,Inactive
CRM-20554,Global Logistics,"408 Innovation Dr, Singapore 967823",contact@globallogistics.com,+65 89497961,Prospect
CRM-20555,Gamma Enterprises,"93 Industrial Ave, Singapore 916558",contact@gammaenterprises.com,+65 90312945,Inactive
CRM-20556,Gamma Group,"332 Tech Park, Singapore 287567",contact@gammagroup.com,+65 87753495,Prospect
CRM-20557,Summit Solutions,"332 Market St, Singapore 868881",contact@summitsolutions.com,+65 76782738,Active
CRM-20558,Innovate Solutions,"725 Tech Park, Singapore 929493",contact@innovatesolutions.com,+65 95152784,Inactive
CRM-20559,Gamma Holdings,"893 Market St, Singapore 251631",contact@gammaholdings.com,+65 97949497,Active
CRM-20560,Summit Logistics,"121 Market St, Singapore 103704",contact@summitlogistics.com,+65 72126305,Inactive
CRM-20561,Dynamic Components,"244 Market St, Singapore 791505",contact@dynamiccomponents.com,+65 93115996,Prospect
CRM-20562,Pinnacle Logistics,"840 Market St, Singapore 293818",contact@pinnaclelogistics.com,+65 97416456,Active
CRM-20563,Future Networks,"340 Industrial Ave, Singapore 214176",contact@futurenetworks.com,+65 80028073,Prospect
CRM-20564,XYZ Networks,"807 Market St, Singapore 885734",contact@xyznetworks.com,+65 98405234,Inactive
CRM-20565,Apex Solutions,"864 Industrial Ave, Singapore 593687",contact@apexsolutions.com,+65 88677217,Active
CRM-20566,Global Networks,"112 Industrial Ave, Singapore 859246",contact@globalnetworks.com,+65 63904701,Inactive
CRM-20567,XYZ Logistics,"624 Innovation Dr, Singapore 650912",contact@xyzlogistics.com,+65 88659082,Inactive
CRM-20568,Pinnacle Enterprises,"828 Market St, Singapore 344026",contact@pinnacleenterprises.com,+65 93051414,Inactive
CRM-20569,Beta Corp,"424 Industrial Ave, Singapore 466634",contact@betacorp.com,+65 87825488,Inactive
CRM-20570,Tech Solutions,"308 Innovation Dr, Singapore 106429",contact@techsolutions.com,+65 80654266,Active
CRM-20571,Alpha Systems,"339 Innovation Dr, Singapore 602381",contact@alphasystems.com,+65 73020165,Prospect
CRM-20572,Summit Systems,"914 Innovation Dr, Singapore 922072",contact@summitsystems.com,+65 90911546,Prospect
CRM-20573,ABC Holdings,"549 Industrial Ave, Singapore 705445",contact@abcholdings.com,+65 97257311,Inactive
CRM-20574,Alpha Holdings,"642 Market St, Singapore 735111",contact@alphaholdings.com,+65 85181982,Prospect
CRM-20575,Dynamic Logistics,"727 Industrial Ave, Singapore 533973",contact@dynamiclogistics.com,+65 81105697,Active
CRM-20576,Pinnacle Logistics,"115 Innovation Dr, Singapore 139211",contact@pinnaclelogistics.com,+65 71744906,Active
CRM-20577,Alpha Enterprises,"158 Market St, Singapore 606957",contact@alphaenterprises.com,+65 93558076,Inactive
CRM-20578,Beta Industries,"211 Industrial Ave, Singapore 506415",contact@betaindustries.com,+65 68906497,Inactive
CRM-20579,Future Networks,"342 Tech Park, Singapore 208111",contact@futurenetworks.com,+65 65843564,Inactive
CRM-20580,Alpha Networks,"655 Market St, Singapore 310297",contact@alphanetworks.com,+65 80947555,Active
CRM-20581,Gamma Systems,"118 Industrial Ave, Singapore 686810",contact@gammasystems.com,+65 78363460,Inactive
CRM-20582,XYZ Logistics,"251 Market St, Singapore 426503",contact@xyzlogistics.com,+65 98526054,Inactive
CRM-20583,Alpha Systems,"483 Industrial Ave, Singapore 502233",contact@alphasystems.com,+65 61945666,Active
CRM-20584,Future Enterprises,"320 Innovation Dr, Singapore 307772",contact@futureenterprises.com,+65 83865543,Inactive
CRM-20585,Beta Enterprises,"135 Industrial Ave, Singapore 941325",contact@betaenterprises.com,+65 98103695,Inactive
CRM-20586,Summit Corp,"148 Innovation Dr, Singapore 511122",contact@summitcorp.com,+65 75018591,Active
CRM-20587,Dynamic Holdings,"500 Industrial Ave, Singapore 598424",contact@dynamicholdings.com,+65 90419311,Active
CRM-20588,Tech Holdings,"131 Industrial Ave, Singapore 957266",contact@techholdings.com,+65 98566005,Inactive
CRM-20589,Pinnacle Enterprises,"605 Tech Park, Singapore 751034",contact@pinnacleenterprises.com,+65 86898338,Active
CRM-20590,Quantum Group,"581 Innovation Dr, Singapore 827851",contact@quantumgroup.com,+65 89216092,Active
CRM-20591,Summit Solutions,"611 Tech Park, Singapore 682051",contact@summitsolutions.com,+65 99739395,Active
CRM-20592,Beta Networks,"336 Tech Park, Singapore 792232",contact@betanetworks.com,+65 85428287,Active
CRM-20593,Dynamic Components,"677 Market St, Singapore 657062",contact@dynamiccomponents.com,+65 69846571,Prospect
CRM-20594,Global Holdings,"584 Innovation Dr, Singapore 852658",contact@globalholdings.com,+65 80114897,Prospect
CRM-20595,Quantum Industries,"868 Market St, Singapore 408474",contact@quantumindustries.com,+65 87125229,Active
CRM-20596,Alpha Industries,"113 Innovation Dr, Singapore 346668",contact@alphaindustries.com,+65 84108499,Prospect
CRM-20597,Apex Group,"217 Market St, Singapore 245824",contact@apexgroup.com,+65 96582302,Active
CRM-20598,Gamma Logistics,"138 Industrial Ave, Singapore 779885",contact@gammalogistics.com,+65 68425461,Active
CRM-20599,Gamma Solutions,"658 Tech Park, Singapore 927251",contact@gammasolutions.com,+65 69208696,Inactive
CRM-20600,Gamma Enterprises,"435 Tech Park, Singapore 472566",contact@gammaenterprises.com,+65 94186256,Active
CRM-20601,XYZ Industries,"421 Innovation Dr, Singapore 139704",contact@xyzindustries.com,+65 78069091,Inactive
CRM-20602,Gamma Industries,"477 Industrial Ave, Singapore 739705",contact@gammaindustries.com,+65 78751583,Active
CRM-20603,ABC Solutions,"818 Innovation Dr, Singapore 155337",contact@abcsolutions.com,+65 96184912,Prospect
CRM-20604,Pinnacle Enterprises,"752 Innovation Dr, Singapore 470057",contact@pinnacleenterprises.com,+65 98518159,Prospect
CRM-20605,Quantum Logistics,"267 Industrial Ave, Singapore 596144",contact@quantumlogistics.com,+65 97829687,Inactive
CRM-20606,Tech Networks,"294 Tech Park, Singapore 232981",contact@technetworks.com,+65 61831943,Inactive
CRM-20607,Future Logistics,"760 Industrial Ave, Singapore 283095",contact@futurelogistics.com,+65 60953147,Inactive
CRM-20608,Innovate Systems,"802 Market St, Singapore 289592",contact@innovatesystems.com,+65 77532364,Inactive
CRM-20609,Future Systems,"771 Tech Park, Singapore 501779",contact@futuresystems.com,+65 93282525,Active
CRM-20610,Gamma Corp,"752 Innovation Dr, Singapore 773459",contact@gammacorp.com,+65 98772642,Prospect
CRM-20611,Tech Enterprises,"240 Tech Park, Singapore 839883",contact@techenterprises.com,+65 95736868,Prospect
CRM-20612,Apex Components,"950 Tech Park, Singapore 811451",contact@apexcomponents.com,+65 79380517,Prospect
CRM-20613,Alpha Solutions,"653 Innovation Dr, Singapore 552760",contact@alphasolutions.com,+65 95654493,Inactive
CRM-20614,Innovate Logistics,"822 Industrial Ave, Singapore 786128",contact@innovatelogistics.com,+65 77923959,Inactive
CRM-20615,Global Networks,"533 Innovation Dr, Singapore 823809",contact@globalnetworks.com,+65 73081241,Active
CRM-20616,Future Solutions,"422 Industrial Ave, Singapore 208954",contact@futuresolutions.com,+65 60802716,Inactive
CRM-20617,Tech Corp,"25 Industrial Ave, Singapore 722999",contact@techcorp.com,+65 62284504,Inactive
CRM-20618,Beta Solutions,"385 Market St, Singapore 829445",contact@betasolutions.com,+65 68717928,Active
CRM-20619,Beta Enterprises,"788 Tech Park, Singapore 800007",contact@betaenterprises.com,+65 78547786,Prospect
CRM-20620,Innovate Components,"979 Innovation Dr, Singapore 561976",contact@innovatecomponents.com,+65 77330099,Active
CRM-20621,Gamma Enterprises,"148 Tech Park, Singapore 743790",contact@gammaenterprises.com,+65 67276645,Inactive
CRM-20622,Beta Components,"73 Innovation Dr, Singapore 567541",contact@betacomponents.com,+65 64893545,Active
CRM-20623,ABC Group,"156 Innovation Dr, Singapore 702553",contact@abcgroup.com,+65 77880249,Active
CRM-20624,Apex Group,"554 Market St, Singapore 503097",contact@apexgroup.com,+65 64704310,Inactive
CRM-20625,Quantum Industries,"342 Innovation Dr, Singapore 157875",contact@quantumindustries.com,+65 84086601,Inactive
CRM-20626,Innovate Industries,"83 Tech Park, Singapore 903741",contact@innovateindustries.com,+65 82821227,Prospect
CRM-20627,Global Logistics,"918 Industrial Ave, Singapore 822303",contact@globallogistics.com,+65 86179484,Prospect
CRM-20628,Global Systems,"198 Industrial Ave, Singapore 721748",contact@globalsystems.com,+65 62395671,Active
CRM-20629,ABC Logistics,"547 Tech Park, Singapore 138842",contact@abclogistics.com,+65 93533235,Prospect
CRM-20630,Apex Solutions,"827 Tech Park, Singapore 662625",contact@apexsolutions.com,+65 74205481,Active
CRM-20631,Summit Components,"929 Industrial Ave, Singapore 835363",contact@summitcomponents.com,+65 91623014,Inactive
CRM-20632,Tech Solutions,"626 Market St, Singapore 719752",contact@techsolutions.com,+65 90614029,Active
CRM-20633,Global Solutions,"437 Innovation Dr, Singapore 976500",contact@globalsolutions.com,+65 73599016,Inactive
CRM-20634,Gamma Holdings,"783 Industrial Ave, Singapore 281873",contact@gammaholdings.com,+65 74309746,Prospect
CRM-20635,Pinnacle Systems,"250 Industrial Ave, Singapore 204823",contact@pinnaclesystems.com,+65 89438055,Inactive
CRM-20636,Alpha Enterprises,"7 Industrial Ave, Singapore 193471",contact@alphaenterprises.com,+65 65417202,Inactive
CRM-20637,Apex Enterprises,"212 Market St, Singapore 384111",contact@apexenterprises.com,+65 68515606,Inactive
CRM-20638,Quantum Components,"735 Tech Park, Singapore 192296",contact@quantumcomponents.com,+65 72079626,Inactive
CRM-20639,Global Solutions,"98 Innovation Dr, Singapore 665940",contact@globalsolutions.com,+65 95581053,Inactive
CRM-20640,Global Logistics,"199 Industrial Ave, Singapore 256465",contact@globallogistics.com,+65 63561401,Inactive
CRM-20641,Summit Systems,"687 Industrial Ave, Singapore 776185",contact@summitsystems.com,+65 70721284,Prospect
CRM-20642,Summit Components,"759 Industrial Ave, Singapore 284431",contact@summitcomponents.com,+65 67007581,Active
CRM-20643,Beta Solutions,"739 Tech Park, Singapore 707924",contact@betasolutions.com,+65 75790704,Prospect
CRM-20644,Innovate Corp,"334 Market St, Singapore 348636",contact@innovatecorp.com,+65 67390891,Inactive
CRM-20645,Summit Components,"149 Market St, Singapore 577092",contact@summitcomponents.com,+65 89250409,Active
CRM-20646,Global Holdings,"208 Innovation Dr, Singapore 133653",contact@globalholdings.com,+65 78098893,Inactive
CRM-20647,Gamma Holdings,"908 Innovation Dr, Singapore 264404",contact@gammaholdings.com,+65 74754122,Inactive
CRM-20648,Quantum Industries,"89 Tech Park, Singapore 647114",contact@quantumindustries.com,+65 75415060,Prospect
CRM-20649,Alpha Group,"254 Innovation Dr, Singapore 707615",contact@alphagroup.com,+65 76552681,Active
CRM-20650,Gamma Networks,"428 Industrial Ave, Singapore 593515",contact@gammanetworks.com,+65 60340750,Inactive
CRM-20651,Dynamic Solutions,"508 Market St, Singapore 685616",contact@dynamicsolutions.com,+65 90362826,Active
CRM-20652,Global Systems,"303 Market St, Singapore 195136",contact@globalsystems.com,+65 84052198,Active
CRM-20653,Quantum Components,"475 Market St, Singapore 525051",contact@quantumcomponents.com,+65 90523849,Active
CRM-20654,Future Solutions,"915 Innovation Dr, Singapore 134303",contact@futuresolutions.com,+65 85828810,Prospect
CRM-20655,Quantum Industries,"814 Market St, Singapore 817923",contact@quantumindustries.com,+65 98602989,Active
CRM-20656,ABC Holdings,"114 Tech Park, Singapore 587957",contact@abcholdings.com,+65 63460306,Inactive
CRM-20657,XYZ Corp,"343 Market St, Singapore 219073",contact@xyzcorp.com,+65 69288256,Inactive
CRM-20658,XYZ Corp,"329 Innovation Dr, Singapore 628027",contact@xyzcorp.com,+65 75128836,Inactive
CRM-20659,Pinnacle Solutions,"727 Innovation Dr, Singapore 751114",contact@pinnaclesolutions.com,+65 91552161,Prospect
CRM-20660,Dynamic Solutions,"914 Tech Park, Singapore 184064",contact@dynamicsolutions.com,+65 72640194,Prospect
CRM-20661,Tech Solutions,"509 Market St, Singapore 645980",contact@techsolutions.com,+65 69929027,Inactive
CRM-20662,Pinnacle Systems,"356 Tech Park, Singapore 873544",contact@pinnaclesystems.com,+65 91803220,Inactive
CRM-20663,Pinnacle Holdings,"593 Innovation Dr, Singapore 777433",contact@pinnacleholdings.com,+65 87628164,Prospect
CRM-20664,Future Industries,"469 Innovation Dr, Singapore 238364",contact@futureindustries.com,+65 89880644,Prospect
CRM-20665,Future Components,"362 Innovation Dr, Singapore 274444",contact@futurecomponents.com,+65 69954817,Inactive
CRM-20666,Tech Systems,"860 Market St, Singapore 349461",contact@techsystems.com,+65 71768166,Active
CRM-20667,Summit Logistics,"189 Market St, Singapore 841484",contact@summitlogistics.com,+65 84808277,Active
CRM-20668,Gamma Holdings,"553 Market St, Singapore 416208",contact@gammaholdings.com,+65 90093567,Active
CRM-20669,Summit Systems,"951 Innovation Dr, Singapore 104502",contact@summitsystems.com,+65 90738593,Inactive
CRM-20670,Tech Networks,"819 Tech Park, Singapore 822622",contact@technetworks.com,+65 69870604,Active
CRM-20671,Gamma Industries,"316 Industrial Ave, Singapore 747518",contact@gammaindustries.com,+65 67843422,Active
CRM-20672,Pinnacle Corp,"201 Industrial Ave, Singapore 664566",contact@pinnaclecorp.com,+65 78651376,Prospect
CRM-20673,Pinnacle Group,"503 Innovation Dr, Singapore 734470",contact@pinnaclegroup.com,+65 73049321,Inactive
CRM-20674,Innovate Group,"734 Tech Park, Singapore 504868",contact@innovategroup.com,+65 69928483,Prospect
CRM-20675,Beta Corp,"760 Tech Park, Singapore 563999",contact@betacorp.com,+65 89811123,Prospect
CRM-20676,Apex Group,"856 Industrial Ave, Singapore 317877",contact@apexgroup.com,+65 69366228,Prospect
CRM-20677,Beta Networks,"91 Industrial Ave, Singapore 769836",contact@betanetworks.com,+65 85217659,Prospect
CRM-20678,Quantum Systems,"191 Tech Park, Singapore 680771",contact@quantumsystems.com,+65 73371948,Prospect
CRM-20679,XYZ Enterprises,"28 Industrial Ave, Singapore 375436",contact@xyzenterprises.com,+65 75067297,Prospect
CRM-20680,Summit Solutions,"428 Market St, Singapore 821255",contact@summitsolutions.com,+65 79306484,Inactive
CRM-20681,Summit Solutions,"596 Tech Park, Singapore 557250",contact@summitsolutions.com,+65 84277269,Prospect
CRM-20682,XYZ Solutions,"525 Industrial Ave, Singapore 372144",contact@xyzsolutions.com,+65 85045176,Active
CRM-20683,Gamma Components,"370 Tech Park, Singapore 473276",contact@gammacomponents.com,+65 78298597,Active
CRM-20684,Beta Industries,"785 Market St, Singapore 199099",contact@betaindustries.com,+65 73006693,Inactive
CRM-20685,Future Holdings,"278 Innovation Dr, Singapore 660380",contact@futureholdings.com,+65 80204620,Inactive
CRM-20686,Summit Group,"944 Market St, Singapore 328459",contact@summitgroup.com,+65 82838024,Active
CRM-20687,Future Industries,"730 Industrial Ave, Singapore 582860",contact@futureindustries.com,+65 95708334,Active
CRM-20688,Summit Holdings,"708 Innovation Dr, Singapore 956727",contact@summitholdings.com,+65 80909341,Prospect
CRM-20689,Dynamic Holdings,"727 Innovation Dr, Singapore 880623",contact@dynamicholdings.com,+65 71556626,Active
CRM-20690,Gamma Solutions,"708 Industrial Ave, Singapore 119719",contact@gammasolutions.com,+65 88508185,Prospect
CRM-20691,Pinnacle Networks,"481 Industrial Ave, Singapore 145383",contact@pinnaclenetworks.com,+65 63977222,Active
CRM-20692,Dynamic Solutions,"602 Market St, Singapore 803175",contact@dynamicsolutions.com,+65 73784240,Prospect
CRM-20693,Tech Networks,"361 Market St, Singapore 624953",contact@technetworks.com,+65 83342915,Inactive
CRM-20694,Beta Solutions,"782 Industrial Ave, Singapore 327538",contact@betasolutions.com,+65 98797894,Inactive
CRM-20695,XYZ Solutions,"943 Tech Park, Singapore 832045",contact@xyzsolutions.com,+65 74362329,Inactive
CRM-20696,Gamma Holdings,"435 Market St, Singapore 338607",contact@gammaholdings.com,+65 85475535,Prospect
CRM-20697,Dynamic Holdings,"571 Industrial Ave, Singapore 444053",contact@dynamicholdings.com,+65 79345556,Prospect
CRM-20698,XYZ Logistics,"232 Tech Park, Singapore 996915",contact@xyzlogistics.com,+65 89793374,Prospect
CRM-20699,Dynamic Enterprises,"184 Industrial Ave, Singapore 615530",contact@dynamicenterprises.com,+65 84658574,Inactive
CRM-20700,ABC Solutions,"147 Tech Park, Singapore 828799",contact@abcsolutions.com,+65 68000574,Inactive
CRM-20701,Gamma Solutions,"999 Market St, Singapore 309991",contact@gammasolutions.com,+65 84408164,Inactive
CRM-20702,Global Group,"286 Innovation Dr, Singapore 927843",contact@globalgroup.com,+65 93494712,Inactive
CRM-20703,Summit Industries,"151 Tech Park, Singapore 228125",contact@summitindustries.com,+65 78716033,Prospect
CRM-20704,Gamma Components,"756 Industrial Ave, Singapore 171542",contact@gammacomponents.com,+65 66684270,Prospect
CRM-20705,Apex Networks,"157 Innovation Dr, Singapore 753506",contact@apexnetworks.com,+65 81941638,Active
CRM-20706,Pinnacle Enterprises,"207 Innovation Dr, Singapore 622084",contact@pinnacleenterprises.com,+65 91274195,Prospect
CRM-20707,Dynamic Components,"902 Industrial Ave, Singapore 571980",contact@dynamiccomponents.com,+65 88884084,Prospect
CRM-20708,Alpha Components,"571 Innovation Dr, Singapore 272117",contact@alphacomponents.com,+65 71869489,Prospect
CRM-20709,Summit Solutions,"692 Tech Park, Singapore 680684",contact@summitsolutions.com,+65 98175227,Inactive
CRM-20710,Future Systems,"58 Tech Park, Singapore 618721",contact@futuresystems.com,+65 94003058,Inactive
CRM-20711,Innovate Logistics,"63 Industrial Ave, Singapore 147310",contact@innovatelogistics.com,+65 81507235,Active
CRM-20712,ABC Holdings,"100 Tech Park, Singapore 474725",contact@abcholdings.com,+65 85539847,Prospect
CRM-20713,Beta Solutions,"118 Innovation Dr, Singapore 120669",contact@betasolutions.com,+65 80462328,Inactive
CRM-20714,Apex Networks,"924 Tech Park, Singapore 121393",contact@apexnetworks.com,+65 94544946,Inactive
CRM-20715,Apex Networks,"331 Industrial Ave, Singapore 612081",contact@apexnetworks.com,+65 86192642,Active
CRM-20716,ABC Holdings,"630 Innovation Dr, Singapore 557169",contact@abcholdings.com,+65 71182163,Active
CRM-20717,Tech Components,"588 Tech Park, Singapore 336858",contact@techcomponents.com,+65 79952825,Inactive
CRM-20718,Innovate Logistics,"581 Tech Park, Singapore 319927",contact@innovatelogistics.com,+65 64514398,Prospect
CRM-20719,Tech Industries,"444 Innovation Dr, Singapore 534439",contact@techindustries.com,+65 80126553,Prospect
CRM-20720,Dynamic Industries,"903 Industrial Ave, Singapore 837496",contact@dynamicindustries.com,+65 72119917,Inactive
CRM-20721,Global Enterprises,"960 Tech Park, Singapore 861911",contact@globalenterprises.com,+65 77980877,Inactive
CRM-20722,ABC Logistics,"421 Innovation Dr, Singapore 167557",contact@abclogistics.com,+65 89218446,Inactive
CRM-20723,ABC Networks,"416 Market St, Singapore 257246",contact@abcnetworks.com,+65 75846404,Active
CRM-20724,Summit Enterprises,"447 Tech Park, Singapore 138801",contact@summitenterprises.com,+65 97569220,Active
CRM-20725,Pinnacle Systems,"987 Tech Park, Singapore 120875",contact@pinnaclesystems.com,+65 62834166,Active
CRM-20726,Apex Holdings,"407 Market St, Singapore 217369",contact@apexholdings.com,+65 66060352,Inactive
CRM-20727,Pinnacle Networks,"258 Tech Park, Singapore 349641",contact@pinnaclenetworks.com,+65 95249611,Inactive
CRM-20728,Dynamic Corp,"224 Market St, Singapore 283662",contact@dynamiccorp.com,+65 88378258,Active
CRM-20729,Tech Networks,"503 Innovation Dr, Singapore 218448",contact@technetworks.com,+65 63753090,Prospect
CRM-20730,Tech Systems,"487 Innovation Dr, Singapore 423141",contact@techsystems.com,+65 84360384,Active
CRM-20731,Alpha Components,"260 Tech Park, Singapore 769986",contact@alphacomponents.com,+65 76084372,Inactive
CRM-20732,Pinnacle Corp,"398 Industrial Ave, Singapore 367946",contact@pinnaclecorp.com,+65 89689149,Prospect
CRM-20733,Tech Corp,"938 Tech Park, Singapore 432591",contact@techcorp.com,+65 70752667,Inactive
CRM-20734,Summit Enterprises,"949 Innovation Dr, Singapore 542882",contact@summitenterprises.com,+65 87713364,Active
CRM-20735,Pinnacle Solutions,"431 Innovation Dr, Singapore 828980",contact@pinnaclesolutions.com,+65 83612679,Active
CRM-20736,Gamma Enterprises,"4 Tech Park, Singapore 758816",contact@gammaenterprises.com,+65 69132994,Prospect
CRM-20737,Dynamic Systems,"703 Tech Park, Singapore 434914",contact@dynamicsystems.com,+65 99863747,Prospect
CRM-20738,Innovate Logistics,"87 Tech Park, Singapore 290724",contact@innovatelogistics.com,+65 73332096,Prospect
CRM-20739,Quantum Corp,"971 Industrial Ave, Singapore 778540",contact@quantumcorp.com,+65 61391477,Inactive
CRM-20740,Summit Corp,"719 Market St, Singapore 520515",contact@summitcorp.com,+65 77567970,Inactive
CRM-20741,Quantum Solutions,"736 Tech Park, Singapore 575747",contact@quantumsolutions.com,+65 60947235,Inactive
CRM-20742,Global Logistics,"765 Tech Park, Singapore 236523",contact@globallogistics.com,+65 79324800,Prospect
CRM-20743,Future Logistics,"429 Market St, Singapore 930958",contact@futurelogistics.com,+65 72707947,Active
CRM-20744,Quantum Enterprises,"11 Tech Park, Singapore 438947",contact@quantumenterprises.com,+65 65753825,Inactive
CRM-20745,XYZ Group,"75 Industrial Ave, Singapore 161606",contact@xyzgroup.com,+65 77195008,Active
CRM-20746,Innovate Networks,"6 Innovation Dr, Singapore 749758",contact@innovatenetworks.com,+65 63054250,Prospect
CRM-20747,Gamma Industries,"595 Market St, Singapore 278117",contact@gammaindustries.com,+65 62759851,Inactive
CRM-20748,Gamma Solutions,"728 Tech Park, Singapore 373055",contact@gammasolutions.com,+65 81294809,Active
CRM-20749,Future Logistics,"949 Tech Park, Singapore 376002",contact@futurelogistics.com,+65 84198933,Inactive
CRM-20750,Pinnacle Holdings,"915 Market St, Singapore 872663",contact@pinnacleholdings.com,+65 89244389,Prospect
CRM-20751,Dynamic Enterprises,"194 Market St, Singapore 341026",contact@dynamicenterprises.com,+65 63571680,Active
CRM-20752,Summit Components,"366 Tech Park, Singapore 616935",contact@summitcomponents.com,+65 89629884,Active
CRM-20753,Beta Holdings,"209 Innovation Dr, Singapore 975512",contact@betaholdings.com,+65 66279905,Active
CRM-20754,Quantum Networks,"598 Industrial Ave, Singapore 904098",contact@quantumnetworks.com,+65 74253664,Inactive
CRM-20755,Innovate Components,"698 Industrial Ave, Singapore 491704",contact@innovatecomponents.com,+65 79077791,Inactive
CRM-20756,Summit Enterprises,"644 Innovation Dr, Singapore 789969",contact@summitenterprises.com,+65 90471149,Active
CRM-20757,Summit Holdings,"133 Market St, Singapore 940494",contact@summitholdings.com,+65 98195576,Inactive
CRM-20758,Apex Solutions,"262 Market St, Singapore 908323",contact@apexsolutions.com,+65 86766940,Prospect
CRM-20759,Dynamic Systems,"306 Tech Park, Singapore 553360",contact@dynamicsystems.com,+65 68093462,Inactive
CRM-20760,ABC Solutions,"525 Market St, Singapore 567080",contact@abcsolutions.com,+65 84659610,Prospect
CRM-20761,Beta Group,"629 Market St, Singapore 761322",contact@betagroup.com,+65 84711901,Prospect
CRM-20762,ABC Systems,"540 Industrial Ave, Singapore 590963",contact@abcsystems.com,+65 93240513,Prospect
CRM-20763,Gamma Systems,"862 Market St, Singapore 548509",contact@gammasystems.com,+65 80160083,Prospect
CRM-20764,Apex Group,"476 Innovation Dr, Singapore 367240",contact@apexgroup.com,+65 66340738,Inactive
CRM-20765,Dynamic Systems,"47 Industrial Ave, Singapore 838594",contact@dynamicsystems.com,+65 86370920,Prospect
CRM-20766,ABC Enterprises,"350 Market St, Singapore 294078",contact@abcenterprises.com,+65 77788841,Active
CRM-20767,Future Solutions,"548 Industrial Ave, Singapore 514118",contact@futuresolutions.com,+65 89111752,Active
CRM-20768,XYZ Group,"311 Innovation Dr, Singapore 806533",contact@xyzgroup.com,+65 92663393,Inactive
CRM-20769,Beta Systems,"15 Market St, Singapore 955604",contact@betasystems.com,+65 69067343,Active
CRM-20770,Gamma Corp,"863 Market St, Singapore 415535",contact@gammacorp.com,+65 89245269,Prospect
CRM-20771,XYZ Enterprises,"483 Industrial Ave, Singapore 713654",contact@xyzenterprises.com,+65 92550942,Active
CRM-20772,Apex Components,"9 Industrial Ave, Singapore 988803",contact@apexcomponents.com,+65 82404298,Inactive
CRM-20773,XYZ Networks,"749 Innovation Dr, Singapore 611177",contact@xyznetworks.com,+65 99986115,Prospect
CRM-20774,ABC Enterprises,"732 Industrial Ave, Singapore 119943",contact@abcenterprises.com,+65 75562933,Prospect
CRM-20775,Summit Solutions,"638 Innovation Dr, Singapore 831396",contact@summitsolutions.com,+65 93204714,Prospect
CRM-20776,Summit Holdings,"238 Market St, Singapore 818247",contact@summitholdings.com,+65 89401110,Prospect
CRM-20777,XYZ Enterprises,"905 Innovation Dr, Singapore 845941",contact@xyzenterprises.com,+65 68801902,Prospect
CRM-20778,ABC Holdings,"819 Market St, Singapore 317273",contact@abcholdings.com,+65 91697183,Prospect
CRM-20779,Gamma Networks,"104 Tech Park, Singapore 418402",contact@gammanetworks.com,+65 93030025,Active
CRM-20780,Innovate Logistics,"694 Market St, Singapore 968167",contact@innovatelogistics.com,+65 83960808,Inactive
CRM-20781,Pinnacle Corp,"265 Innovation Dr, Singapore 472497",contact@pinnaclecorp.com,+65 92639422,Active
CRM-20782,Gamma Industries,"724 Industrial Ave, Singapore 937798",contact@gammaindustries.com,+65 66988852,Prospect
CRM-20783,Beta Networks,"844 Industrial Ave, Singapore 210531",contact@betanetworks.com,+65 66836248,Active
CRM-20784,Innovate Systems,"726 Tech Park, Singapore 630471",contact@innovatesystems.com,+65 79604041,Prospect
CRM-20785,Gamma Solutions,"450 Tech Park, Singapore 906389",contact@gammasolutions.com,+65 73548630,Active
CRM-20786,Tech Industries,"88 Innovation Dr, Singapore 849941",contact@techindustries.com,+65 71493184,Prospect
CRM-20787,Dynamic Corp,"822 Tech Park, Singapore 529191",contact@dynamiccorp.com,+65 69260642,Prospect
CRM-20788,ABC Holdings,"454 Market St, Singapore 110431",contact@abcholdings.com,+65 61997356,Inactive
CRM-20789,Beta Holdings,"412 Market St, Singapore 164454",contact@betaholdings.com,+65 81126177,Prospect
CRM-20790,ABC Systems,"60 Innovation Dr, Singapore 521530",contact@abcsystems.com,+65 98557885,Inactive
CRM-20791,XYZ Holdings,"9 Innovation Dr, Singapore 740051",contact@xyzholdings.com,+65 83096009,Active
CRM-20792,Global Industries,"715 Innovation Dr, Singapore 919528",contact@globalindustries.com,+65 89671769,Inactive
CRM-20793,Beta Components,"343 Tech Park, Singapore 853800",contact@betacomponents.com,+65 96066551,Inactive
CRM-20794,Pinnacle Logistics,"96 Innovation Dr, Singapore 457259",contact@pinnaclelogistics.com,+65 74343480,Inactive
CRM-20795,Pinnacle Networks,"248 Innovation Dr, Singapore 543281",contact@pinnaclenetworks.com,+65 77360404,Inactive
CRM-20796,Tech Industries,"127 Industrial Ave, Singapore 782583",contact@techindustries.com,+65 83788303,Active
CRM-20797,Summit Holdings,"825 Market St, Singapore 413735",contact@summitholdings.com,+65 75844223,Prospect
CRM-20798,Quantum Systems,"533 Market St, Singapore 443772",contact@quantumsystems.com,+65 85344717,Inactive
CRM-20799,Summit Solutions,"729 Tech Park, Singapore 532068",contact@summitsolutions.com,+65 69835022,Active
CRM-20800,Summit Corp,"80 Innovation Dr, Singapore 651818",contact@summitcorp.com,+65 89941565,Prospect
CRM-20801,Future Logistics,"511 Tech Park, Singapore 822487",contact@futurelogistics.com,+65 99211962,Prospect
CRM-20802,Gamma Systems,"131 Tech Park, Singapore 579946",contact@gammasystems.com,+65 93942716,Active
CRM-20803,Pinnacle Solutions,"467 Tech Park, Singapore 882758",contact@pinnaclesolutions.com,+65 74270199,Active
CRM-20804,Apex Solutions,"379 Innovation Dr, Singapore 648171",contact@apexsolutions.com,+65 68111208,Active
CRM-20805,Tech Logistics,"29 Market St, Singapore 921866",contact@techlogistics.com,+65 92609911,Inactive
CRM-20806,Global Systems,"3 Industrial Ave, Singapore 465584",contact@globalsystems.com,+65 92802387,Active
CRM-20807,Quantum Logistics,"464 Innovation Dr, Singapore 495633",contact@quantumlogistics.com,+65 97967777,Prospect
CRM-20808,Gamma Systems,"652 Tech Park, Singapore 571785",contact@gammasystems.com,+65 93874129,Inactive
CRM-20809,Apex Group,"922 Tech Park, Singapore 667273",contact@apexgroup.com,+65 75624438,Active
CRM-20810,XYZ Logistics,"887 Market St, Singapore 126008",contact@xyzlogistics.com,+65 65941140,Inactive
CRM-20811,Tech Industries,"660 Industrial Ave, Singapore 748758",contact@techindustries.com,+65 68306843,Inactive
CRM-20812,Pinnacle Corp,"515 Industrial Ave, Singapore 790229",contact@pinnaclecorp.com,+65 91932792,Inactive
CRM-20813,Future Networks,"87 Innovation Dr, Singapore 717499",contact@futurenetworks.com,+65 89811735,Active
CRM-20814,Pinnacle Holdings,"264 Industrial Ave, Singapore 204158",contact@pinnacleholdings.com,+65 85636323,Inactive
CRM-20815,Apex Systems,"630 Innovation Dr, Singapore 128491",contact@apexsystems.com,+65 63953633,Inactive
CRM-20816,Tech Group,"54 Market St, Singapore 888669",contact@techgroup.com,+65 68117908,Inactive
CRM-20817,Pinnacle Group,"276 Industrial Ave, Singapore 587402",contact@pinnaclegroup.com,+65 67722980,Inactive
CRM-20818,Alpha Logistics,"987 Industrial Ave, Singapore 900040",contact@alphalogistics.com,+65 97183361,Inactive
CRM-20819,Future Industries,"802 Market St, Singapore 666692",contact@futureindustries.com,+65 73653761,Active
CRM-20820,Apex Industries,"43 Industrial Ave, Singapore 587222",contact@apexindustries.com,+65 90315892,Inactive
CRM-20821,Quantum Logistics,"360 Market St, Singapore 981521",contact@quantumlogistics.com,+65 85511670,Inactive
CRM-20822,Quantum Solutions,"92 Tech Park, Singapore 228950",contact@quantumsolutions.com,+65 80175498,Active
CRM-20823,Apex Corp,"981 Innovation Dr, Singapore 459279",contact@apexcorp.com,+65 93877913,Inactive
CRM-20824,Tech Corp,"350 Market St, Singapore 728635",contact@techcorp.com,+65 81584777,Prospect
CRM-20825,Alpha Components,"424 Tech Park, Singapore 511871",contact@alphacomponents.com,+65 71645805,Inactive
CRM-20826,Pinnacle Components,"689 Industrial Ave, Singapore 952262",contact@pinnaclecomponents.com,+65 89875307,Prospect
CRM-20827,XYZ Components,"474 Innovation Dr, Singapore 566173",contact@xyzcomponents.com,+65 68372761,Active
CRM-20828,ABC Holdings,"93 Innovation Dr, Singapore 852677",contact@abcholdings.com,+65 72852131,Active
CRM-20829,Alpha Logistics,"927 Market St, Singapore 305611",contact@alphalogistics.com,+65 93073789,Inactive
CRM-20830,Summit Systems,"199 Market St, Singapore 716735",contact@summitsystems.com,+65 97029677,Active
CRM-20831,Pinnacle Logistics,"869 Industrial Ave, Singapore 810656",contact@pinnaclelogistics.com,+65 72874939,Inactive
CRM-20832,Summit Components,"657 Industrial Ave, Singapore 438689",contact@summitcomponents.com,+65 88663167,Prospect
CRM-20833,Beta Industries,"508 Innovation Dr, Singapore 895891",contact@betaindustries.com,+65 91312105,Active
CRM-20834,Summit Holdings,"402 Market St, Singapore 185782",contact@summitholdings.com,+65 60346233,Inactive
CRM-20835,Global Group,"940 Market St, Singapore 272471",contact@globalgroup.com,+65 64995608,Prospect
CRM-20836,Alpha Enterprises,"828 Industrial Ave, Singapore 935946",contact@alphaenterprises.com,+65 88987602,Inactive
CRM-20837,Global Solutions,"245 Innovation Dr, Singapore 157076",contact@globalsolutions.com,+65 91781182,Prospect
CRM-20838,Dynamic Networks,"783 Industrial Ave, Singapore 568143",contact@dynamicnetworks.com,+65 89429215,Inactive
CRM-20839,Apex Holdings,"802 Market St, Singapore 941363",contact@apexholdings.com,+65 64363969,Prospect
CRM-20840,Beta Solutions,"573 Industrial Ave, Singapore 991215",contact@betasolutions.com,+65 63744000,Prospect
CRM-20841,Global Networks,"465 Tech Park, Singapore 933790",contact@globalnetworks.com,+65 60711793,Prospect
CRM-20842,Innovate Components,"530 Innovation Dr, Singapore 301831",contact@innovatecomponents.com,+65 90472575,Active
CRM-20843,Quantum Corp,"130 Innovation Dr, Singapore 541457",contact@quantumcorp.com,+65 98467615,Prospect
CRM-20844,Global Systems,"62 Market St, Singapore 712916",contact@globalsystems.com,+65 62957540,Prospect
CRM-20845,Tech Networks,"795 Market St, Singapore 592331",contact@technetworks.com,+65 96315539,Prospect
CRM-20846,ABC Systems,"244 Industrial Ave, Singapore 460517",contact@abcsystems.com,+65 63846522,Active
CRM-20847,Global Solutions,"194 Tech Park, Singapore 825447",contact@globalsolutions.com,+65 82921161,Prospect
CRM-20848,Quantum Holdings,"429 Innovation Dr, Singapore 209940",contact@quantumholdings.com,+65 80107935,Prospect
CRM-20849,Summit Corp,"655 Market St, Singapore 341459",contact@summitcorp.com,+65 60248106,Prospect
CRM-20850,Innovate Group,"410 Market St, Singapore 107052",contact@innovategroup.com,+65 73778547,Prospect
CRM-20851,Global Networks,"45 Industrial Ave, Singapore 307434",contact@globalnetworks.com,+65 84153100,Prospect
CRM-20852,Innovate Industries,"183 Market St, Singapore 284630",contact@innovateindustries.com,+65 76506382,Prospect
CRM-20853,Dynamic Solutions,"959 Market St, Singapore 578364",contact@dynamicsolutions.com,+65 82708517,Active
CRM-20854,Pinnacle Networks,"900 Industrial Ave, Singapore 251448",contact@pinnaclenetworks.com,+65 89106326,Active
CRM-20855,Quantum Group,"944 Industrial Ave, Singapore 745952",contact@quantumgroup.com,+65 76411448,Inactive
CRM-20856,ABC Logistics,"872 Tech Park, Singapore 862627",contact@abclogistics.com,+65 68486488,Active
CRM-20857,Quantum Solutions,"521 Tech Park, Singapore 776406",contact@quantumsolutions.com,+65 71236274,Inactive
CRM-20858,Innovate Holdings,"712 Tech Park, Singapore 618827",contact@innovateholdings.com,+65 95264075,Prospect
CRM-20859,Dynamic Networks,"213 Market St, Singapore 574040",contact@dynamicnetworks.com,+65 62456485,Active
CRM-20860,Apex Networks,"958 Innovation Dr, Singapore 677295",contact@apexnetworks.com,+65 70550139,Active
CRM-20861,Alpha Enterprises,"637 Innovation Dr, Singapore 573066",contact@alphaenterprises.com,+65 94377326,Prospect
CRM-20862,Innovate Logistics,"26 Market St, Singapore 345147",contact@innovatelogistics.com,+65 85660478,Prospect
CRM-20863,Pinnacle Industries,"805 Innovation Dr, Singapore 203189",contact@pinnacleindustries.com,+65 65245162,Active
CRM-20864,Innovate Corp,"257 Innovation Dr, Singapore 955181",contact@innovatecorp.com,+65 82095009,Inactive
CRM-20865,Future Industries,"9 Innovation Dr, Singapore 962253",contact@futureindustries.com,+65 77524503,Prospect
CRM-20866,Apex Networks,"484 Market St, Singapore 338633",contact@apexnetworks.com,+65 60797972,Active
CRM-20867,Pinnacle Enterprises,"349 Industrial Ave, Singapore 986887",contact@pinnacleenterprises.com,+65 90964106,Active
CRM-20868,Summit Enterprises,"31 Innovation Dr, Singapore 705561",contact@summitenterprises.com,+65 97476731,Active
CRM-20869,Innovate Corp,"436 Tech Park, Singapore 916466",contact@innovatecorp.com,+65 88128500,Inactive
CRM-20870,Quantum Components,"158 Innovation Dr, Singapore 760434",contact@quantumcomponents.com,+65 69337174,Inactive
CRM-20871,Apex Group,"972 Tech Park, Singapore 660453",contact@apexgroup.com,+65 73703939,Prospect
CRM-20872,Tech Solutions,"107 Market St, Singapore 966621",contact@techsolutions.com,+65 71504047,Inactive
CRM-20873,Apex Logistics,"239 Innovation Dr, Singapore 649868",contact@apexlogistics.com,+65 73817198,Active
CRM-20874,Gamma Holdings,"401 Market St, Singapore 235410",contact@gammaholdings.com,+65 87572430,Inactive
CRM-20875,Gamma Corp,"443 Tech Park, Singapore 733035",contact@gammacorp.com,+65 80787452,Inactive
CRM-20876,Pinnacle Enterprises,"207 Industrial Ave, Singapore 567383",contact@pinnacleenterprises.com,+65 78484531,Active
CRM-20877,Global Industries,"933 Tech Park, Singapore 585171",contact@globalindustries.com,+65 82071532,Inactive
CRM-20878,XYZ Logistics,"628 Market St, Singapore 361236",contact@xyzlogistics.com,+65 86245630,Active
CRM-20879,Summit Group,"716 Industrial Ave, Singapore 832582",contact@summitgroup.com,+65 72310739,Active
CRM-20880,Beta Corp,"422 Industrial Ave, Singapore 180251",contact@betacorp.com,+65 93117390,Active
CRM-20881,Pinnacle Components,"28 Industrial Ave, Singapore 828221",contact@pinnaclecomponents.com,+65 91015535,Inactive
CRM-20882,Apex Components,"257 Industrial Ave, Singapore 243110",contact@apexcomponents.com,+65 60720572,Prospect
CRM-20883,Summit Solutions,"562 Market St, Singapore 558986",contact@summitsolutions.com,+65 65539744,Active
CRM-20884,Gamma Components,"182 Innovation Dr, Singapore 660625",contact@gammacomponents.com,+65 66745455,Inactive
CRM-20885,Alpha Logistics,"452 Innovation Dr, Singapore 327197",contact@alphalogistics.com,+65 70300974,Inactive
CRM-20886,Summit Components,"657 Industrial Ave, Singapore 823880",contact@summitcomponents.com,+65 95089511,Prospect
CRM-20887,Global Holdings,"205 Industrial Ave, Singapore 542166",contact@globalholdings.com,+65 76008170,Active
CRM-20888,Global Solutions,"742 Market St, Singapore 535872",contact@globalsolutions.com,+65 71266429,Inactive
CRM-20889,Pinnacle Group,"124 Market St, Singapore 211028",contact@pinnaclegroup.com,+65 88714560,Prospect
CRM-20890,Innovate Components,"218 Tech Park, Singapore 169223",contact@innovatecomponents.com,+65 86117874,Inactive
CRM-20891,Innovate Components,"907 Market St, Singapore 416181",contact@innovatecomponents.com,+65 64518524,Inactive
CRM-20892,Dynamic Networks,"258 Industrial Ave, Singapore 440110",contact@dynamicnetworks.com,+65 71506426,Inactive
CRM-20893,Dynamic Systems,"180 Innovation Dr, Singapore 798740",contact@dynamicsystems.com,+65 82283266,Prospect
CRM-20894,Quantum Enterprises,"524 Market St, Singapore 716005",contact@quantumenterprises.com,+65 85660510,Inactive
CRM-20895,Tech Corp,"776 Market St, Singapore 183246",contact@techcorp.com,+65 88756005,Active
CRM-20896,Alpha Corp,"757 Innovation Dr, Singapore 391636",contact@alphacorp.com,+65 89777961,Prospect
CRM-20897,Pinnacle Group,"769 Industrial Ave, Singapore 988075",contact@pinnaclegroup.com,+65 79357894,Inactive
CRM-20898,Global Corp,"534 Innovation Dr, Singapore 563849",contact@globalcorp.com,+65 85601086,Inactive
CRM-20899,Gamma Corp,"94 Market St, Singapore 675507",contact@gammacorp.com,+65 68426256,Active
CRM-20900,Summit Logistics,"739 Market St, Singapore 544613",contact@summitlogistics.com,+65 71016511,Active
CRM-20901,Global Logistics,"82 Innovation Dr, Singapore 496065",contact@globallogistics.com,+65 92290819,Active
CRM-20902,XYZ Group,"840 Tech Park, Singapore 898940",contact@xyzgroup.com,+65 70460826,Prospect
CRM-20903,Tech Networks,"157 Market St, Singapore 498930",contact@technetworks.com,+65 96050726,Prospect
CRM-20904,Gamma Enterprises,"159 Market St, Singapore 113457",contact@gammaenterprises.com,+65 73134261,Inactive
CRM-20905,Apex Holdings,"502 Innovation Dr, Singapore 716886",contact@apexholdings.com,+65 85772315,Active
CRM-20906,Beta Group,"167 Market St, Singapore 557491",contact@betagroup.com,+65 97957350,Prospect
CRM-20907,Innovate Industries,"651 Innovation Dr, Singapore 160507",contact@innovateindustries.com,+65 92790856,Inactive
CRM-20908,Global Enterprises,"944 Innovation Dr, Singapore 840880",contact@globalenterprises.com,+65 62315763,Inactive
CRM-20909,Tech Networks,"967 Market St, Singapore 359433",contact@technetworks.com,+65 90566125,Inactive
CRM-20910,Alpha Solutions,"660 Tech Park, Singapore 840367",contact@alphasolutions.com,+65 66194537,Inactive
CRM-20911,Gamma Group,"709 Innovation Dr, Singapore 659102",contact@gammagroup.com,+65 76969901,Inactive
CRM-20912,XYZ Group,"112 Innovation Dr, Singapore 249645",contact@xyzgroup.com,+65 65964195,Prospect
CRM-20913,Apex Logistics,"173 Tech Park, Singapore 201576",contact@apexlogistics.com,+65 60430859,Active
CRM-20914,Apex Logistics,"175 Market St, Singapore 295454",contact@apexlogistics.com,+65 88920537,Inactive
CRM-20915,Future Corp,"206 Industrial Ave, Singapore 291605",contact@futurecorp.com,+65 72457958,Active
CRM-20916,Quantum Solutions,"82 Innovation Dr, Singapore 496077",contact@quantumsolutions.com,+65 71148536,Active
CRM-20917,Dynamic Solutions,"63 Innovation Dr, Singapore 107577",contact@dynamicsolutions.com,+65 60637975,Inactive
CRM-20918,Quantum Industries,"955 Tech Park, Singapore 893679",contact@quantumindustries.com,+65 77839938,Prospect
CRM-20919,Innovate Corp,"682 Tech Park, Singapore 740479",contact@innovatecorp.com,+65 84240434,Active
CRM-20920,Dynamic Solutions,"468 Tech Park, Singapore 976002",contact@dynamicsolutions.com,+65 60207008,Active
CRM-20921,Tech Corp,"463 Tech Park, Singapore 533194",contact@techcorp.com,+65 84724911,Inactive
CRM-20922,Future Holdings,"649 Innovation Dr, Singapore 946785",contact@futureholdings.com,+65 61116040,Inactive
CRM-20923,Dynamic Solutions,"439 Tech Park, Singapore 998734",contact@dynamicsolutions.com,+65 83376296,Inactive
CRM-20924,Tech Networks,"730 Market St, Singapore 699672",contact@technetworks.com,+65 73091392,Inactive
CRM-20925,Beta Logistics,"896 Tech Park, Singapore 567965",contact@betalogistics.com,+65 96825764,Active
CRM-20926,ABC Solutions,"446 Industrial Ave, Singapore 442360",contact@abcsolutions.com,+65 67077950,Prospect
CRM-20927,ABC Solutions,"945 Tech Park, Singapore 934184",contact@abcsolutions.com,+65 69110459,Inactive
CRM-20928,Dynamic Networks,"660 Innovation Dr, Singapore 852293",contact@dynamicnetworks.com,+65 64339730,Inactive
CRM-20929,Future Group,"229 Innovation Dr, Singapore 405110",contact@futuregroup.com,+65 75661024,Active
CRM-20930,Global Solutions,"377 Market St, Singapore 428594",contact@globalsolutions.com,+65 98442575,Prospect
CRM-20931,Apex Group,"790 Innovation Dr, Singapore 812299",contact@apexgroup.com,+65 81450877,Active
CRM-20932,Beta Group,"552 Tech Park, Singapore 251729",contact@betagroup.com,+65 60616631,Prospect
CRM-20933,Summit Systems,"150 Industrial Ave, Singapore 435690",contact@summitsystems.com,+65 79018170,Prospect
CRM-20934,Summit Corp,"299 Tech Park, Singapore 949566",contact@summitcorp.com,+65 93220600,Prospect
CRM-20935,XYZ Components,"878 Tech Park, Singapore 510840",contact@xyzcomponents.com,+65 72013844,Prospect
CRM-20936,Future Systems,"562 Tech Park, Singapore 542957",contact@futuresystems.com,+65 61447257,Inactive
CRM-20937,Apex Solutions,"745 Innovation Dr, Singapore 830203",contact@apexsolutions.com,+65 95423040,Active
CRM-20938,Beta Systems,"771 Industrial Ave, Singapore 844056",contact@betasystems.com,+65 81704253,Prospect
CRM-20939,Summit Enterprises,"919 Market St, Singapore 328732",contact@summitenterprises.com,+65 79534153,Inactive
CRM-20940,ABC Systems,"974 Tech Park, Singapore 982544",contact@abcsystems.com,+65 85270231,Active
CRM-20941,Alpha Solutions,"666 Innovation Dr, Singapore 554894",contact@alphasolutions.com,+65 94590269,Active
CRM-20942,Alpha Solutions,"407 Tech Park, Singapore 821403",contact@alphasolutions.com,+65 76163533,Inactive
CRM-20943,Apex Solutions,"886 Tech Park, Singapore 763049",contact@apexsolutions.com,+65 91116620,Inactive
CRM-20944,ABC Industries,"24 Tech Park, Singapore 827424",contact@abcindustries.com,+65 75095135,Inactive
CRM-20945,Apex Logistics,"129 Industrial Ave, Singapore 166582",contact@apexlogistics.com,+65 98347555,Inactive
CRM-20946,Gamma Group,"404 Tech Park, Singapore 644107",contact@gammagroup.com,+65 61325157,Inactive
CRM-20947,Beta Corp,"186 Market St, Singapore 681667",contact@betacorp.com,+65 67873619,Prospect
CRM-20948,Gamma Solutions,"263 Industrial Ave, Singapore 230775",contact@gammasolutions.com,+65 97748481,Inactive
CRM-20949,Global Logistics,"969 Innovation Dr, Singapore 660046",contact@globallogistics.com,+65 63098165,Prospect
CRM-20950,Pinnacle Holdings,"523 Market St, Singapore 203818",contact@pinnacleholdings.com,+65 96118627,Inactive
CRM-20951,Future Corp,"617 Market St, Singapore 476507",contact@futurecorp.com,+65 69006546,Prospect
CRM-20952,Pinnacle Logistics,"391 Market St, Singapore 578221",contact@pinnaclelogistics.com,+65 77493565,Active
CRM-20953,XYZ Systems,"209 Industrial Ave, Singapore 868265",contact@xyzsystems.com,+65 95963930,Prospect
CRM-20954,Global Holdings,"674 Market St, Singapore 961476",contact@globalholdings.com,+65 97825384,Active
CRM-20955,Alpha Networks,"80 Innovation Dr, Singapore 657286",contact@alphanetworks.com,+65 76609288,Active
CRM-20956,Innovate Solutions,"932 Innovation Dr, Singapore 386526",contact@innovatesolutions.com,+65 84348403,Active
CRM-20957,Global Group,"802 Industrial Ave, Singapore 652049",contact@globalgroup.com,+65 67046613,Inactive
CRM-20958,Dynamic Enterprises,"542 Innovation Dr, Singapore 699951",contact@dynamicenterprises.com,+65 66411618,Prospect
CRM-20959,Dynamic Group,"354 Tech Park, Singapore 721082",contact@dynamicgroup.com,+65 72124725,Active
CRM-20960,Gamma Systems,"388 Innovation Dr, Singapore 860657",contact@gammasystems.com,+65 69574431,Inactive
CRM-20961,Global Networks,"724 Tech Park, Singapore 560282",contact@globalnetworks.com,+65 88067862,Prospect
CRM-20962,Tech Group,"965 Market St, Singapore 766511",contact@techgroup.com,+65 94936516,Active
CRM-20963,Innovate Solutions,"79 Market St, Singapore 273133",contact@innovatesolutions.com,+65 65333468,Inactive
CRM-20964,Alpha Group,"955 Market St, Singapore 621986",contact@alphagroup.com,+65 94137095,Inactive
CRM-20965,Pinnacle Solutions,"15 Market St, Singapore 882150",contact@pinnaclesolutions.com,+65 87210728,Active
CRM-20966,XYZ Holdings,"757 Industrial Ave, Singapore 570445",contact@xyzholdings.com,+65 76389745,Active
CRM-20967,Pinnacle Corp,"77 Innovation Dr, Singapore 239794",contact@pinnaclecorp.com,+65 71731582,Inactive
CRM-20968,Apex Systems,"994 Industrial Ave, Singapore 812049",contact@apexsystems.com,+65 85050644,Active
CRM-20969,Future Solutions,"307 Tech Park, Singapore 377611",contact@futuresolutions.com,+65 79465915,Active
CRM-20970,Global Logistics,"846 Industrial Ave, Singapore 747756",contact@globallogistics.com,+65 94596566,Prospect
CRM-20971,Innovate Logistics,"110 Industrial Ave, Singapore 857526",contact@innovatelogistics.com,+65 83749340,Active
CRM-20972,Pinnacle Systems,"127 Tech Park, Singapore 263190",contact@pinnaclesystems.com,+65 87562889,Inactive
CRM-20973,Gamma Industries,"112 Tech Park, Singapore 980130",contact@gammaindustries.com,+65 78084609,Prospect
CRM-20974,Alpha Holdings,"114 Market St, Singapore 142211",contact@alphaholdings.com,+65 73318735,Active
CRM-20975,Summit Logistics,"432 Tech Park, Singapore 619640",contact@summitlogistics.com,+65 67972016,Inactive
CRM-20976,Pinnacle Group,"113 Industrial Ave, Singapore 122179",contact@pinnaclegroup.com,+65 68819290,Active
CRM-20977,Future Holdings,"612 Industrial Ave, Singapore 603518",contact@futureholdings.com,+65 88834333,Prospect
CRM-20978,Global Networks,"747 Market St, Singapore 394795",contact@globalnetworks.com,+65 70233814,Active
CRM-20979,Global Group,"486 Industrial Ave, Singapore 865939",contact@globalgroup.com,+65 73315234,Inactive
CRM-20980,Gamma Corp,"136 Tech Park, Singapore 387164",contact@gammacorp.com,+65 68084013,Active
CRM-20981,Quantum Corp,"886 Industrial Ave, Singapore 527082",contact@quantumcorp.com,+65 66102573,Inactive
CRM-20982,Global Holdings,"491 Industrial Ave, Singapore 547818",contact@globalholdings.com,+65 88593466,Inactive
CRM-20983,Apex Corp,"917 Industrial Ave, Singapore 142875",contact@apexcorp.com,+65 81464158,Active
CRM-20984,Quantum Solutions,"190 Innovation Dr, Singapore 481242",contact@quantumsolutions.com,+65 88917714,Prospect
CRM-20985,ABC Industries,"340 Innovation Dr, Singapore 949383",contact@abcindustries.com,+65 68744827,Prospect
CRM-20986,Quantum Holdings,"666 Innovation Dr, Singapore 712711",contact@quantumholdings.com,+65 75988835,Prospect
CRM-20987,Quantum Corp,"722 Tech Park, Singapore 178516",contact@quantumcorp.com,+65 72947145,Inactive
CRM-20988,Pinnacle Systems,"131 Market St, Singapore 677236",contact@pinnaclesystems.com,+65 62940113,Inactive
CRM-20989,Pinnacle Holdings,"460 Industrial Ave, Singapore 170997",contact@pinnacleholdings.com,+65 84562651,Prospect
CRM-20990,Gamma Networks,"714 Market St, Singapore 147652",contact@gammanetworks.com,+65 78397803,Inactive
CRM-20991,Pinnacle Industries,"170 Tech Park, Singapore 634017",contact@pinnacleindustries.com,+65 65032193,Prospect
CRM-20992,Tech Corp,"4 Market St, Singapore 328387",contact@techcorp.com,+65 72352483,Inactive
CRM-20993,Dynamic Industries,"516 Innovation Dr, Singapore 993884",contact@dynamicindustries.com,+65 90564127,Active
CRM-20994,Gamma Corp,"547 Market St, Singapore 140989",contact@gammacorp.com,+65 63061000,Inactive
CRM-20995,Tech Components,"844 Market St, Singapore 221828",contact@techcomponents.com,+65 76710648,Active
CRM-20996,Innovate Holdings,"970 Innovation Dr, Singapore 240101",contact@innovateholdings.com,+65 65586554,Prospect
CRM-20997,Alpha Holdings,"749 Innovation Dr, Singapore 368422",contact@alphaholdings.com,+65 74715604,Active
CRM-20998,Quantum Solutions,"969 Innovation Dr, Singapore 765117",contact@quantumsolutions.com,+65 85634309,Inactive
CRM-20999,Innovate Logistics,"596 Tech Park, Singapore 567723",contact@innovatelogistics.com,+65 73684747,Active
